month,town,flat_type,block,street_name,storey_range,floor_area_sqm,flat_model,lease_commence_date,resale_price
2000-01,BUKIT TIMAH,3 ROOM,8,EMPRESS RD,13 TO 15,76,Improved,1976,175000
2000-01,BUKIT TIMAH,3 ROOM,4,QUEEN'S RD,01 TO 03,74,Improved,1974,155000
2000-01,BUKIT TIMAH,3 ROOM,4,QUEEN'S RD,04 TO 06,73,Improved,1974,228000
2000-01,BUKIT TIMAH,4 ROOM,5,TOH YI DR,01 TO 03,104,Model A,1989,352800
2000-01,BUKIT TIMAH,5 ROOM,5,TOH YI DR,04 TO 06,128,Improved,1989,445000
2000-01,BUKIT TIMAH,EXECUTIVE,7,TOH YI DR,10 TO 12,142,Apartment,1989,595000
2000-01,BUKIT TIMAH,EXECUTIVE,10,TOH YI DR,01 TO 03,154,Maisonette,1989,533000
2000-02,BUKIT TIMAH,3 ROOM,4,QUEEN'S RD,04 TO 06,73,Improved,1974,183000
2000-02,BUKIT TIMAH,4 ROOM,4,TOH YI DR,07 TO 09,104,Model A,1988,345000
2000-02,BUKIT TIMAH,4 ROOM,19,TOH YI DR,04 TO 06,84,Simplified,1988,230000
2000-02,BUKIT TIMAH,5 ROOM,1,TOH YI DR,10 TO 12,122,Improved,1988,465000
2000-02,BUKIT TIMAH,5 ROOM,5,TOH YI DR,01 TO 03,122,Improved,1989,445000
2000-02,BUKIT TIMAH,5 ROOM,1,QUEEN'S RD,04 TO 06,123,Standard,1974,450000
2000-02,BUKIT TIMAH,EXECUTIVE,3,TOH YI DR,01 TO 03,146,Maisonette,1988,520000
2000-03,BUKIT TIMAH,3 ROOM,8,EMPRESS RD,10 TO 12,65,Improved,1976,180000
2000-03,BUKIT TIMAH,3 ROOM,18,TOH YI DR,01 TO 03,64,Simplified,1989,170000
2000-03,BUKIT TIMAH,4 ROOM,6,FARRER RD,04 TO 06,91,Improved,1974,274800
2000-03,BUKIT TIMAH,4 ROOM,3,QUEEN'S RD,04 TO 06,91,Improved,1974,295000
2000-03,BUKIT TIMAH,4 ROOM,13,TOH YI DR,04 TO 06,104,Model A,1988,350000
2000-03,BUKIT TIMAH,4 ROOM,4,TOH YI DR,10 TO 12,104,Model A,1988,370000
2000-03,BUKIT TIMAH,5 ROOM,1,QUEEN'S RD,04 TO 06,125,Standard,1974,448000
2000-04,BUKIT TIMAH,3 ROOM,8,EMPRESS RD,07 TO 09,65,Improved,1976,155000
2000-04,BUKIT TIMAH,4 ROOM,3,QUEEN'S RD,10 TO 12,91,Improved,1974,288000
2000-04,BUKIT TIMAH,4 ROOM,3,QUEEN'S RD,07 TO 09,91,Improved,1974,295000
2000-04,BUKIT TIMAH,4 ROOM,4,TOH YI DR,13 TO 15,104,Model A,1988,350000
2000-04,BUKIT TIMAH,4 ROOM,9,TOH YI DR,10 TO 12,104,Model A,1989,360000
2000-04,BUKIT TIMAH,4 ROOM,12,TOH YI DR,07 TO 09,104,Model A,1989,352000
2000-04,BUKIT TIMAH,5 ROOM,13,TOH YI DR,10 TO 12,122,Improved,1988,435000
2000-04,BUKIT TIMAH,5 ROOM,17,TOH YI DR,10 TO 12,127,Improved,1988,493000
2000-04,BUKIT TIMAH,5 ROOM,17,TOH YI DR,10 TO 12,122,Improved,1988,470000
2000-04,BUKIT TIMAH,5 ROOM,4,TOH YI DR,07 TO 09,122,Improved,1988,465000
2000-04,BUKIT TIMAH,5 ROOM,5,TOH YI DR,04 TO 06,128,Improved,1989,400000
2000-04,BUKIT TIMAH,5 ROOM,5,TOH YI DR,10 TO 12,122,Improved,1989,460000
2000-04,BUKIT TIMAH,EXECUTIVE,2,TOH YI DR,04 TO 06,146,Maisonette,1988,565000
2000-05,BUKIT TIMAH,3 ROOM,8,EMPRESS RD,04 TO 06,65,Improved,1976,160000
2000-05,BUKIT TIMAH,3 ROOM,4,QUEEN'S RD,04 TO 06,74,Improved,1974,190000
2000-05,BUKIT TIMAH,4 ROOM,3,QUEEN'S RD,04 TO 06,91,Improved,1974,295000
2000-05,BUKIT TIMAH,5 ROOM,17,TOH YI DR,10 TO 12,122,Improved,1988,485000
2000-05,BUKIT TIMAH,5 ROOM,5,FARRER RD,19 TO 21,120,Standard,1974,477500
2000-05,BUKIT TIMAH,EXECUTIVE,3,TOH YI DR,10 TO 12,146,Maisonette,1988,520000
2000-05,BUKIT TIMAH,EXECUTIVE,7,TOH YI DR,01 TO 03,146,Maisonette,1989,518000
2000-06,BUKIT TIMAH,3 ROOM,8,EMPRESS RD,04 TO 06,76,Improved,1976,185000
2000-06,BUKIT TIMAH,4 ROOM,16,TOH YI DR,10 TO 12,104,Model A,1988,343000
2000-06,BUKIT TIMAH,4 ROOM,17,TOH YI DR,04 TO 06,104,Model A,1988,323000
2000-06,BUKIT TIMAH,4 ROOM,17,TOH YI DR,13 TO 15,104,Model A,1988,357000
2000-06,BUKIT TIMAH,5 ROOM,14,TOH YI DR,04 TO 06,122,Improved,1988,436000
2000-06,BUKIT TIMAH,5 ROOM,11,TOH YI DR,01 TO 03,122,Improved,1989,417000
2000-06,BUKIT TIMAH,5 ROOM,1,QUEEN'S RD,13 TO 15,123,Standard,1974,460000
2000-06,BUKIT TIMAH,EXECUTIVE,6,TOH YI DR,10 TO 12,146,Maisonette,1989,590000
2000-07,BUKIT TIMAH,3 ROOM,8,EMPRESS RD,13 TO 15,65,Improved,1976,170000
2000-07,BUKIT TIMAH,3 ROOM,4,QUEEN'S RD,10 TO 12,63,Improved,1974,171000
2000-07,BUKIT TIMAH,3 ROOM,4,QUEEN'S RD,10 TO 12,73,Improved,1974,190000
2000-07,BUKIT TIMAH,4 ROOM,6,FARRER RD,10 TO 12,91,Improved,1974,296000
2000-07,BUKIT TIMAH,4 ROOM,13,TOH YI DR,07 TO 09,104,Model A,1988,370000
2000-07,BUKIT TIMAH,5 ROOM,16,TOH YI DR,10 TO 12,122,Improved,1988,473000
2000-07,BUKIT TIMAH,5 ROOM,16,TOH YI DR,07 TO 09,122,Improved,1988,438000
2000-08,BUKIT TIMAH,3 ROOM,8,EMPRESS RD,07 TO 09,65,Improved,1976,157000
2000-08,BUKIT TIMAH,3 ROOM,8,EMPRESS RD,07 TO 09,65,Improved,1976,166800
2000-08,BUKIT TIMAH,3 ROOM,4,QUEEN'S RD,10 TO 12,73,Improved,1974,198000
2000-08,BUKIT TIMAH,4 ROOM,3,QUEEN'S RD,10 TO 12,91,Improved,1974,271000
2000-08,BUKIT TIMAH,4 ROOM,3,QUEEN'S RD,07 TO 09,91,Improved,1974,274000
2000-08,BUKIT TIMAH,4 ROOM,1,TOH YI DR,07 TO 09,104,Model A,1988,338800
2000-08,BUKIT TIMAH,4 ROOM,11,TOH YI DR,07 TO 09,104,Model A,1989,340000
2000-08,BUKIT TIMAH,5 ROOM,8,EMPRESS RD,13 TO 15,130,Adjoined flat,1976,388000
2000-08,BUKIT TIMAH,5 ROOM,5,FARRER RD,16 TO 18,120,Standard,1974,445000
2000-08,BUKIT TIMAH,EXECUTIVE,3,TOH YI DR,07 TO 09,150,Maisonette,1988,550000
2000-09,BUKIT TIMAH,3 ROOM,8,EMPRESS RD,10 TO 12,65,Improved,1976,170000
2000-09,BUKIT TIMAH,4 ROOM,3,QUEEN'S RD,07 TO 09,91,Improved,1974,277000
2000-09,BUKIT TIMAH,4 ROOM,17,TOH YI DR,04 TO 06,104,Model A,1988,350000
2000-09,BUKIT TIMAH,4 ROOM,1,TOH YI DR,01 TO 03,104,Model A,1988,316000
2000-09,BUKIT TIMAH,4 ROOM,4,TOH YI DR,04 TO 06,104,Model A,1988,340000
2000-09,BUKIT TIMAH,4 ROOM,9,TOH YI DR,13 TO 15,104,Model A,1989,365000
2000-09,BUKIT TIMAH,4 ROOM,12,TOH YI DR,07 TO 09,104,Model A,1989,325000
2000-09,BUKIT TIMAH,EXECUTIVE,3,TOH YI DR,04 TO 06,154,Maisonette,1988,505000
2000-09,BUKIT TIMAH,EXECUTIVE,3,TOH YI DR,07 TO 09,154,Maisonette,1988,660000
2000-10,BUKIT TIMAH,3 ROOM,4,QUEEN'S RD,10 TO 12,63,Improved,1974,164888
2000-10,BUKIT TIMAH,3 ROOM,4,QUEEN'S RD,10 TO 12,73,Improved,1974,193800
2000-10,BUKIT TIMAH,4 ROOM,13,TOH YI DR,04 TO 06,104,Model A,1988,330000
2000-10,BUKIT TIMAH,4 ROOM,13,TOH YI DR,04 TO 06,104,Model A,1988,319000
2000-10,BUKIT TIMAH,4 ROOM,11,TOH YI DR,10 TO 12,108,Model A,1989,355000
2000-10,BUKIT TIMAH,5 ROOM,8,EMPRESS RD,04 TO 06,130,Adjoined flat,1976,375000
2000-10,BUKIT TIMAH,5 ROOM,17,TOH YI DR,10 TO 12,122,Improved,1988,460000
2000-10,BUKIT TIMAH,5 ROOM,5,FARRER RD,16 TO 18,123,Standard,1974,450000
2000-10,BUKIT TIMAH,EXECUTIVE,10,TOH YI DR,01 TO 03,146,Maisonette,1989,515000
2000-11,BUKIT TIMAH,4 ROOM,4,TOH YI DR,01 TO 03,104,Model A,1988,316000
2000-11,BUKIT TIMAH,5 ROOM,1,QUEEN'S RD,04 TO 06,125,Standard,1974,450000
2000-11,BUKIT TIMAH,EXECUTIVE,2,TOH YI DR,10 TO 12,146,Maisonette,1988,545000
2000-11,BUKIT TIMAH,EXECUTIVE,7,TOH YI DR,10 TO 12,154,Maisonette,1989,520000
2000-12,BUKIT TIMAH,3 ROOM,4,QUEEN'S RD,04 TO 06,73,Improved,1974,175000
2000-12,BUKIT TIMAH,4 ROOM,17,TOH YI DR,07 TO 09,104,Model A,1988,338000
2000-12,BUKIT TIMAH,4 ROOM,4,TOH YI DR,04 TO 06,104,Model A,1988,330000
2000-12,BUKIT TIMAH,4 ROOM,11,TOH YI DR,10 TO 12,104,Model A,1989,320000
2000-12,BUKIT TIMAH,5 ROOM,14,TOH YI DR,13 TO 15,122,Improved,1988,440000
2000-12,BUKIT TIMAH,5 ROOM,5,FARRER RD,19 TO 21,123,Standard,1974,475000
2000-12,BUKIT TIMAH,EXECUTIVE,7,TOH YI DR,07 TO 09,146,Apartment,1989,520000
2000-12,BUKIT TIMAH,EXECUTIVE,6,TOH YI DR,01 TO 03,146,Maisonette,1989,513000
2001-01,BUKIT TIMAH,3 ROOM,8,EMPRESS RD,07 TO 09,76,Improved,1976,194000
2001-01,BUKIT TIMAH,4 ROOM,13,TOH YI DR,07 TO 09,104,Model A,1988,335000
2001-01,BUKIT TIMAH,4 ROOM,4,TOH YI DR,07 TO 09,104,Model A,1988,328000
2001-01,BUKIT TIMAH,5 ROOM,14,TOH YI DR,10 TO 12,122,Improved,1988,463000
2001-01,BUKIT TIMAH,EXECUTIVE,7,TOH YI DR,07 TO 09,142,Apartment,1989,570000
2001-01,BUKIT TIMAH,EXECUTIVE,7,TOH YI DR,07 TO 09,142,Apartment,1989,575000
2001-01,BUKIT TIMAH,EXECUTIVE,2,TOH YI DR,04 TO 06,146,Maisonette,1988,515000
2001-01,BUKIT TIMAH,EXECUTIVE,2,TOH YI DR,10 TO 12,146,Maisonette,1988,563000
2001-01,BUKIT TIMAH,EXECUTIVE,8,TOH YI DR,01 TO 03,146,Maisonette,1989,498000
2001-02,BUKIT TIMAH,3 ROOM,8,EMPRESS RD,07 TO 09,65,Improved,1976,168000
2001-02,BUKIT TIMAH,4 ROOM,17,TOH YI DR,04 TO 06,104,Model A,1988,313000
2001-02,BUKIT TIMAH,4 ROOM,5,TOH YI DR,10 TO 12,104,Model A,1989,320000
2001-02,BUKIT TIMAH,4 ROOM,5,TOH YI DR,10 TO 12,104,Model A,1989,323000
2001-02,BUKIT TIMAH,5 ROOM,14,TOH YI DR,04 TO 06,122,Improved,1988,423000
2001-02,BUKIT TIMAH,EXECUTIVE,7,TOH YI DR,04 TO 06,142,Apartment,1989,490000
2001-03,BUKIT TIMAH,3 ROOM,8,EMPRESS RD,07 TO 09,65,Improved,1976,165000
2001-03,BUKIT TIMAH,3 ROOM,8,EMPRESS RD,07 TO 09,65,Improved,1976,175000
2001-03,BUKIT TIMAH,3 ROOM,8,EMPRESS RD,13 TO 15,65,Improved,1976,150000
2001-03,BUKIT TIMAH,3 ROOM,8,EMPRESS RD,13 TO 15,65,Improved,1976,176000
2001-03,BUKIT TIMAH,4 ROOM,2,QUEEN'S RD,04 TO 06,89,Improved,1974,263000
2001-03,BUKIT TIMAH,5 ROOM,4,TOH YI DR,13 TO 15,122,Improved,1988,433000
2001-03,BUKIT TIMAH,EXECUTIVE,6,TOH YI DR,10 TO 12,150,Maisonette,1989,515000
2001-04,BUKIT TIMAH,3 ROOM,8,EMPRESS RD,13 TO 15,65,Improved,1976,174000
2001-04,BUKIT TIMAH,4 ROOM,6,FARRER RD,07 TO 09,91,Improved,1974,273000
2001-04,BUKIT TIMAH,4 ROOM,13,TOH YI DR,04 TO 06,104,Model A,1988,308000
2001-04,BUKIT TIMAH,4 ROOM,14,TOH YI DR,07 TO 09,104,Model A,1988,317000
2001-04,BUKIT TIMAH,4 ROOM,1,TOH YI DR,10 TO 12,104,Model A,1988,316000
2001-04,BUKIT TIMAH,4 ROOM,1,TOH YI DR,07 TO 09,104,Model A,1988,313000
2001-04,BUKIT TIMAH,4 ROOM,4,TOH YI DR,10 TO 12,104,Model A,1988,333000
2001-04,BUKIT TIMAH,4 ROOM,12,TOH YI DR,04 TO 06,104,Model A,1989,322000
2001-04,BUKIT TIMAH,5 ROOM,17,TOH YI DR,10 TO 12,128,Improved,1988,450000
2001-04,BUKIT TIMAH,5 ROOM,5,FARRER RD,07 TO 09,123,Standard,1974,475000
2001-04,BUKIT TIMAH,EXECUTIVE,7,TOH YI DR,10 TO 12,146,Maisonette,1989,547000
2001-05,BUKIT TIMAH,3 ROOM,19,TOH YI DR,01 TO 03,64,Simplified,1988,150000
2001-05,BUKIT TIMAH,4 ROOM,2,QUEEN'S RD,10 TO 12,89,Improved,1974,295000
2001-05,BUKIT TIMAH,4 ROOM,17,TOH YI DR,07 TO 09,104,Model A,1988,320000
2001-05,BUKIT TIMAH,5 ROOM,4,TOH YI DR,07 TO 09,122,Improved,1988,437000
2001-05,BUKIT TIMAH,5 ROOM,5,FARRER RD,13 TO 15,123,Standard,1974,508000
2001-05,BUKIT TIMAH,EXECUTIVE,6,TOH YI DR,04 TO 06,150,Maisonette,1989,515000
2001-06,BUKIT TIMAH,3 ROOM,8,EMPRESS RD,13 TO 15,65,Improved,1976,168000
2001-06,BUKIT TIMAH,3 ROOM,4,QUEEN'S RD,10 TO 12,74,Improved,1974,191000
2001-06,BUKIT TIMAH,3 ROOM,4,QUEEN'S RD,04 TO 06,73,Improved,1974,180000
2001-06,BUKIT TIMAH,3 ROOM,18,TOH YI DR,01 TO 03,64,Simplified,1989,152000
2001-06,BUKIT TIMAH,4 ROOM,2,QUEEN'S RD,01 TO 03,89,Improved,1974,285000
2001-06,BUKIT TIMAH,4 ROOM,13,TOH YI DR,10 TO 12,104,Model A,1988,313000
2001-06,BUKIT TIMAH,4 ROOM,13,TOH YI DR,07 TO 09,104,Model A,1988,305000
2001-06,BUKIT TIMAH,4 ROOM,14,TOH YI DR,07 TO 09,104,Model A,1988,301000
2001-06,BUKIT TIMAH,4 ROOM,17,TOH YI DR,07 TO 09,104,Model A,1988,314800
2001-06,BUKIT TIMAH,4 ROOM,4,TOH YI DR,13 TO 15,104,Model A,1988,326000
2001-06,BUKIT TIMAH,4 ROOM,11,TOH YI DR,04 TO 06,104,Model A,1989,329000
2001-06,BUKIT TIMAH,4 ROOM,11,TOH YI DR,04 TO 06,108,Model A,1989,321000
2001-06,BUKIT TIMAH,5 ROOM,17,TOH YI DR,10 TO 12,122,Improved,1988,436000
2001-06,BUKIT TIMAH,5 ROOM,5,FARRER RD,13 TO 15,123,Standard,1974,451000
2001-07,BUKIT TIMAH,3 ROOM,8,EMPRESS RD,04 TO 06,65,Improved,1976,145000
2001-07,BUKIT TIMAH,3 ROOM,4,QUEEN'S RD,10 TO 12,74,Improved,1974,172000
2001-07,BUKIT TIMAH,4 ROOM,6,FARRER RD,07 TO 09,91,Improved,1974,268000
2001-07,BUKIT TIMAH,4 ROOM,13,TOH YI DR,07 TO 09,104,Model A,1988,310000
2001-07,BUKIT TIMAH,4 ROOM,14,TOH YI DR,10 TO 12,104,Model A,1988,313000
2001-07,BUKIT TIMAH,4 ROOM,5,TOH YI DR,04 TO 06,104,Model A,1989,316000
2001-07,BUKIT TIMAH,5 ROOM,5,TOH YI DR,10 TO 12,122,Improved,1989,400000
2001-07,BUKIT TIMAH,EXECUTIVE,2,TOH YI DR,07 TO 09,150,Maisonette,1988,528000
2001-08,BUKIT TIMAH,3 ROOM,8,EMPRESS RD,04 TO 06,65,Improved,1976,160000
2001-08,BUKIT TIMAH,3 ROOM,6,FARRER RD,07 TO 09,76,Improved,1974,170000
2001-08,BUKIT TIMAH,4 ROOM,6,FARRER RD,01 TO 03,91,Improved,1974,254000
2001-08,BUKIT TIMAH,4 ROOM,13,TOH YI DR,04 TO 06,104,Model A,1988,300000
2001-08,BUKIT TIMAH,5 ROOM,9,TOH YI DR,01 TO 03,128,Improved,1989,375000
2001-09,BUKIT TIMAH,4 ROOM,6,FARRER RD,01 TO 03,91,Improved,1974,262000
2001-09,BUKIT TIMAH,4 ROOM,2,QUEEN'S RD,01 TO 03,89,Improved,1974,268000
2001-09,BUKIT TIMAH,4 ROOM,2,QUEEN'S RD,04 TO 06,89,Improved,1974,271000
2001-09,BUKIT TIMAH,5 ROOM,13,TOH YI DR,07 TO 09,122,Improved,1988,407000
2001-09,BUKIT TIMAH,5 ROOM,11,TOH YI DR,04 TO 06,122,Improved,1989,410000
2001-09,BUKIT TIMAH,5 ROOM,1,QUEEN'S RD,04 TO 06,120,Standard,1974,420000
2001-09,BUKIT TIMAH,EXECUTIVE,3,TOH YI DR,04 TO 06,146,Maisonette,1988,530000
2001-09,BUKIT TIMAH,EXECUTIVE,6,TOH YI DR,04 TO 06,146,Maisonette,1989,510000
2001-10,BUKIT TIMAH,3 ROOM,4,QUEEN'S RD,07 TO 09,73,Improved,1974,185000
2001-10,BUKIT TIMAH,4 ROOM,17,TOH YI DR,01 TO 03,104,Model A,1988,292000
2001-10,BUKIT TIMAH,5 ROOM,14,TOH YI DR,07 TO 09,122,Improved,1988,390000
2001-10,BUKIT TIMAH,5 ROOM,5,TOH YI DR,04 TO 06,122,Improved,1989,443000
2001-11,BUKIT TIMAH,3 ROOM,8,EMPRESS RD,10 TO 12,76,Improved,1976,219000
2001-11,BUKIT TIMAH,4 ROOM,14,TOH YI DR,04 TO 06,104,Model A,1988,303000
2001-11,BUKIT TIMAH,5 ROOM,14,TOH YI DR,07 TO 09,122,Improved,1988,411000
2001-11,BUKIT TIMAH,5 ROOM,12,TOH YI DR,10 TO 12,128,Improved,1989,430000
2001-11,BUKIT TIMAH,EXECUTIVE,3,TOH YI DR,01 TO 03,146,Maisonette,1988,496000
2001-12,BUKIT TIMAH,3 ROOM,4,QUEEN'S RD,07 TO 09,73,Improved,1974,195000
2001-12,BUKIT TIMAH,4 ROOM,13,TOH YI DR,13 TO 15,104,Model A,1988,307000
2001-12,BUKIT TIMAH,4 ROOM,1,TOH YI DR,07 TO 09,104,Model A,1988,325000
2001-12,BUKIT TIMAH,4 ROOM,1,TOH YI DR,10 TO 12,104,Model A,1988,300000
2001-12,BUKIT TIMAH,5 ROOM,4,TOH YI DR,10 TO 12,128,Improved,1988,400000
2001-12,BUKIT TIMAH,EXECUTIVE,2,TOH YI DR,13 TO 15,150,Maisonette,1988,527000
2001-12,BUKIT TIMAH,EXECUTIVE,3,TOH YI DR,10 TO 12,146,Maisonette,1988,495000
2002-01,BUKIT TIMAH,3 ROOM,6,FARRER RD,07 TO 09,76,Improved,1974,186000
2002-01,BUKIT TIMAH,3 ROOM,4,QUEEN'S RD,04 TO 06,73,Improved,1974,174000
2002-01,BUKIT TIMAH,4 ROOM,13,TOH YI DR,01 TO 03,104,Model A,1988,286000
2002-01,BUKIT TIMAH,4 ROOM,14,TOH YI DR,01 TO 03,104,Model A,1988,270000
2002-01,BUKIT TIMAH,4 ROOM,16,TOH YI DR,10 TO 12,104,Model A,1988,313800
2002-01,BUKIT TIMAH,4 ROOM,17,TOH YI DR,07 TO 09,104,Model A,1988,295000
2002-01,BUKIT TIMAH,4 ROOM,4,TOH YI DR,01 TO 03,104,Model A,1988,280000
2002-01,BUKIT TIMAH,4 ROOM,4,TOH YI DR,07 TO 09,104,Model A,1988,301000
2002-01,BUKIT TIMAH,4 ROOM,4,TOH YI DR,10 TO 12,104,Model A,1988,315000
2002-01,BUKIT TIMAH,4 ROOM,12,TOH YI DR,01 TO 03,104,Model A,1989,290000
2002-01,BUKIT TIMAH,5 ROOM,13,TOH YI DR,13 TO 15,122,Improved,1988,397000
2002-01,BUKIT TIMAH,5 ROOM,1,TOH YI DR,01 TO 03,122,Improved,1988,375000
2002-01,BUKIT TIMAH,5 ROOM,9,TOH YI DR,10 TO 12,127,Improved,1989,413000
2002-01,BUKIT TIMAH,EXECUTIVE,2,TOH YI DR,01 TO 03,146,Maisonette,1988,448000
2002-01,BUKIT TIMAH,EXECUTIVE,7,TOH YI DR,04 TO 06,146,Maisonette,1989,492000
2002-02,BUKIT TIMAH,3 ROOM,4,QUEEN'S RD,04 TO 06,73,Improved,1974,184000
2002-02,BUKIT TIMAH,5 ROOM,14,TOH YI DR,07 TO 09,122,Improved,1988,360000
2002-02,BUKIT TIMAH,5 ROOM,5,TOH YI DR,13 TO 15,122,Improved,1989,400000
2002-02,BUKIT TIMAH,5 ROOM,9,TOH YI DR,01 TO 03,122,Improved,1989,382000
2002-02,BUKIT TIMAH,EXECUTIVE,8,TOH YI DR,01 TO 03,146,Maisonette,1989,501000
2002-02,BUKIT TIMAH,EXECUTIVE,10,TOH YI DR,04 TO 06,150,Maisonette,1989,547000
2002-03,BUKIT TIMAH,4 ROOM,1,TOH YI DR,07 TO 09,104,Model A,1988,291000
2002-03,BUKIT TIMAH,4 ROOM,4,TOH YI DR,04 TO 06,104,Model A,1988,298000
2002-03,BUKIT TIMAH,5 ROOM,17,TOH YI DR,10 TO 12,122,Improved,1988,390000
2002-03,BUKIT TIMAH,5 ROOM,17,TOH YI DR,10 TO 12,122,Improved,1988,408000
2002-03,BUKIT TIMAH,5 ROOM,12,TOH YI DR,07 TO 09,122,Improved,1989,387000
2002-03,BUKIT TIMAH,5 ROOM,5,FARRER RD,10 TO 12,125,Standard,1974,432000
2002-03,BUKIT TIMAH,5 ROOM,1,QUEEN'S RD,13 TO 15,120,Standard,1974,415000
2002-04,BUKIT TIMAH,3 ROOM,8,EMPRESS RD,10 TO 12,65,Improved,1976,195000
2002-04,BUKIT TIMAH,3 ROOM,8,EMPRESS RD,10 TO 12,65,Improved,1976,172000
2002-04,BUKIT TIMAH,3 ROOM,8,EMPRESS RD,07 TO 09,76,Improved,1976,190000
2002-04,BUKIT TIMAH,3 ROOM,4,QUEEN'S RD,04 TO 06,73,Improved,1974,184000
2002-04,BUKIT TIMAH,3 ROOM,2,QUEEN'S RD,04 TO 06,74,Improved,1974,195000
2002-04,BUKIT TIMAH,4 ROOM,3,QUEEN'S RD,10 TO 12,91,Improved,1974,275000
2002-04,BUKIT TIMAH,4 ROOM,17,TOH YI DR,04 TO 06,104,Model A,1988,277000
2002-04,BUKIT TIMAH,5 ROOM,13,TOH YI DR,04 TO 06,122,Improved,1988,385000
2002-04,BUKIT TIMAH,5 ROOM,16,TOH YI DR,07 TO 09,122,Improved,1988,400000
2002-04,BUKIT TIMAH,5 ROOM,17,TOH YI DR,10 TO 12,122,Improved,1988,410000
2002-04,BUKIT TIMAH,5 ROOM,12,TOH YI DR,04 TO 06,122,Improved,1989,388000
2002-04,BUKIT TIMAH,5 ROOM,1,QUEEN'S RD,16 TO 18,123,Standard,1974,425000
2002-04,BUKIT TIMAH,EXECUTIVE,15,TOH YI DR,01 TO 03,146,Maisonette,1988,476000
2002-04,BUKIT TIMAH,EXECUTIVE,2,TOH YI DR,07 TO 09,146,Maisonette,1988,506500
2002-05,BUKIT TIMAH,3 ROOM,8,EMPRESS RD,04 TO 06,65,Improved,1976,173000
2002-05,BUKIT TIMAH,4 ROOM,13,TOH YI DR,10 TO 12,104,Model A,1988,305000
2002-05,BUKIT TIMAH,4 ROOM,5,TOH YI DR,04 TO 06,104,Model A,1989,285000
2002-05,BUKIT TIMAH,4 ROOM,5,TOH YI DR,10 TO 12,104,Model A,1989,303000
2002-05,BUKIT TIMAH,5 ROOM,5,FARRER RD,13 TO 15,125,Standard,1974,460000
2002-05,BUKIT TIMAH,EXECUTIVE,7,TOH YI DR,10 TO 12,146,Maisonette,1989,510000
2002-06,BUKIT TIMAH,3 ROOM,8,EMPRESS RD,13 TO 15,65,Improved,1976,180500
2002-06,BUKIT TIMAH,3 ROOM,8,EMPRESS RD,07 TO 09,65,Improved,1976,193000
2002-06,BUKIT TIMAH,3 ROOM,8,EMPRESS RD,10 TO 12,65,Improved,1976,178000
2002-06,BUKIT TIMAH,4 ROOM,14,TOH YI DR,10 TO 12,104,Model A,1988,300000
2002-06,BUKIT TIMAH,4 ROOM,1,TOH YI DR,04 TO 06,104,Model A,1988,276500
2002-06,BUKIT TIMAH,4 ROOM,12,TOH YI DR,04 TO 06,104,Model A,1989,265000
2002-06,BUKIT TIMAH,5 ROOM,1,TOH YI DR,01 TO 03,122,Improved,1988,381000
2002-06,BUKIT TIMAH,5 ROOM,1,TOH YI DR,13 TO 15,122,Improved,1988,420000
2002-06,BUKIT TIMAH,5 ROOM,5,TOH YI DR,07 TO 09,128,Improved,1989,404000
2002-06,BUKIT TIMAH,EXECUTIVE,2,TOH YI DR,07 TO 09,146,Maisonette,1988,523000
2002-07,BUKIT TIMAH,3 ROOM,4,QUEEN'S RD,10 TO 12,73,Improved,1974,215000
2002-07,BUKIT TIMAH,4 ROOM,2,QUEEN'S RD,04 TO 06,89,Improved,1974,271500
2002-07,BUKIT TIMAH,4 ROOM,11,TOH YI DR,04 TO 06,104,Model A,1989,296000
2002-07,BUKIT TIMAH,4 ROOM,19,TOH YI DR,01 TO 03,84,Simplified,1988,232000
2002-07,BUKIT TIMAH,5 ROOM,1,TOH YI DR,13 TO 15,122,Improved,1988,420000
2002-07,BUKIT TIMAH,5 ROOM,5,FARRER RD,07 TO 09,123,Standard,1974,405000
2002-07,BUKIT TIMAH,EXECUTIVE,2,TOH YI DR,10 TO 12,150,Maisonette,1988,530000
2002-08,BUKIT TIMAH,3 ROOM,8,EMPRESS RD,01 TO 03,76,Improved,1976,200000
2002-08,BUKIT TIMAH,3 ROOM,4,QUEEN'S RD,07 TO 09,74,Improved,1974,181000
2002-08,BUKIT TIMAH,3 ROOM,4,QUEEN'S RD,07 TO 09,74,Improved,1974,205000
2002-08,BUKIT TIMAH,3 ROOM,4,QUEEN'S RD,04 TO 06,73,Improved,1974,166000
2002-08,BUKIT TIMAH,5 ROOM,11,TOH YI DR,04 TO 06,122,Improved,1989,402000
2002-09,BUKIT TIMAH,3 ROOM,4,QUEEN'S RD,04 TO 06,73,Improved,1974,188000
2002-09,BUKIT TIMAH,4 ROOM,3,QUEEN'S RD,01 TO 03,91,Improved,1974,256000
2002-09,BUKIT TIMAH,4 ROOM,17,TOH YI DR,10 TO 12,104,Model A,1988,310000
2002-09,BUKIT TIMAH,4 ROOM,1,TOH YI DR,07 TO 09,104,Model A,1988,307000
2002-10,BUKIT TIMAH,3 ROOM,8,EMPRESS RD,10 TO 12,65,Improved,1976,178000
2002-10,BUKIT TIMAH,3 ROOM,18,TOH YI DR,04 TO 06,64,Simplified,1989,148000
2002-10,BUKIT TIMAH,4 ROOM,3,QUEEN'S RD,10 TO 12,91,Improved,1974,277000
2002-10,BUKIT TIMAH,4 ROOM,14,TOH YI DR,07 TO 09,104,Model A,1988,292000
2002-10,BUKIT TIMAH,4 ROOM,4,TOH YI DR,04 TO 06,104,Model A,1988,288000
2002-10,BUKIT TIMAH,5 ROOM,5,FARRER RD,16 TO 18,125,Standard,1974,415000
2002-10,BUKIT TIMAH,5 ROOM,1,QUEEN'S RD,04 TO 06,120,Standard,1974,411000
2002-11,BUKIT TIMAH,3 ROOM,4,QUEEN'S RD,07 TO 09,63,Improved,1974,195000
2002-11,BUKIT TIMAH,4 ROOM,4,TOH YI DR,04 TO 06,104,Model A,1988,283000
2002-11,BUKIT TIMAH,4 ROOM,11,TOH YI DR,04 TO 06,104,Model A,1989,283000
2002-12,BUKIT TIMAH,3 ROOM,8,EMPRESS RD,13 TO 15,76,Improved,1976,202000
2002-12,BUKIT TIMAH,4 ROOM,17,TOH YI DR,13 TO 15,104,Model A,1988,300300
2002-12,BUKIT TIMAH,EXECUTIVE,3,TOH YI DR,04 TO 06,146,Maisonette,1988,515000
2003-01,BUKIT TIMAH,3 ROOM,18,TOH YI DR,01 TO 03,64,Simplified,1989,143000
2003-01,BUKIT TIMAH,4 ROOM,3,QUEEN'S RD,04 TO 06,91,Improved,1974,262500
2003-01,BUKIT TIMAH,4 ROOM,3,QUEEN'S RD,07 TO 09,91,Improved,1974,288000
2003-01,BUKIT TIMAH,4 ROOM,14,TOH YI DR,04 TO 06,104,Model A,1988,284000
2003-01,BUKIT TIMAH,4 ROOM,17,TOH YI DR,13 TO 15,104,Model A,1988,299000
2003-01,BUKIT TIMAH,4 ROOM,9,TOH YI DR,07 TO 09,104,Model A,1989,285000
2003-02,BUKIT TIMAH,3 ROOM,8,EMPRESS RD,04 TO 06,65,Improved,1976,171000
2003-02,BUKIT TIMAH,3 ROOM,4,QUEEN'S RD,10 TO 12,74,Improved,1974,205000
2003-02,BUKIT TIMAH,4 ROOM,4,TOH YI DR,10 TO 12,104,Model A,1988,296000
2003-02,BUKIT TIMAH,4 ROOM,4,TOH YI DR,13 TO 15,104,Model A,1988,297800
2003-02,BUKIT TIMAH,4 ROOM,5,TOH YI DR,07 TO 09,104,Model A,1989,292000
2003-02,BUKIT TIMAH,5 ROOM,12,TOH YI DR,07 TO 09,122,Improved,1989,397000
2003-02,BUKIT TIMAH,5 ROOM,11,TOH YI DR,01 TO 03,122,Improved,1989,376000
2003-03,BUKIT TIMAH,4 ROOM,3,QUEEN'S RD,04 TO 06,91,Improved,1974,280000
2003-03,BUKIT TIMAH,4 ROOM,3,QUEEN'S RD,10 TO 12,91,Improved,1974,270000
2003-03,BUKIT TIMAH,4 ROOM,3,QUEEN'S RD,04 TO 06,91,Improved,1974,250000
2003-03,BUKIT TIMAH,4 ROOM,5,TOH YI DR,07 TO 09,104,Model A,1989,292000
2003-03,BUKIT TIMAH,4 ROOM,9,TOH YI DR,07 TO 09,104,Model A,1989,303000
2003-03,BUKIT TIMAH,EXECUTIVE,7,TOH YI DR,04 TO 06,146,Maisonette,1989,484000
2003-04,BUKIT TIMAH,3 ROOM,8,EMPRESS RD,07 TO 09,65,Improved,1976,195500
2003-04,BUKIT TIMAH,4 ROOM,6,FARRER RD,04 TO 06,91,Improved,1974,290000
2003-04,BUKIT TIMAH,4 ROOM,4,TOH YI DR,07 TO 09,104,Model A,1988,287000
2003-04,BUKIT TIMAH,5 ROOM,9,TOH YI DR,07 TO 09,122,Improved,1989,405000
2003-05,BUKIT TIMAH,4 ROOM,14,TOH YI DR,04 TO 06,104,Model A,1988,275000
2003-05,BUKIT TIMAH,4 ROOM,1,TOH YI DR,07 TO 09,104,Model A,1988,306000
2003-05,BUKIT TIMAH,4 ROOM,4,TOH YI DR,01 TO 03,104,Model A,1988,290000
2003-05,BUKIT TIMAH,4 ROOM,12,TOH YI DR,10 TO 12,104,Model A,1989,303000
2003-05,BUKIT TIMAH,5 ROOM,1,TOH YI DR,07 TO 09,122,Improved,1988,389000
2003-05,BUKIT TIMAH,EXECUTIVE,2,TOH YI DR,07 TO 09,150,Maisonette,1988,493000
2003-06,BUKIT TIMAH,3 ROOM,4,QUEEN'S RD,04 TO 06,73,Improved,1974,190000
2003-06,BUKIT TIMAH,3 ROOM,18,TOH YI DR,01 TO 03,64,Simplified,1989,155500
2003-06,BUKIT TIMAH,4 ROOM,4,TOH YI DR,10 TO 12,104,Model A,1988,280000
2003-07,BUKIT TIMAH,4 ROOM,17,TOH YI DR,04 TO 06,104,Model A,1988,287000
2003-07,BUKIT TIMAH,4 ROOM,1,TOH YI DR,13 TO 15,104,Model A,1988,301000
2003-07,BUKIT TIMAH,5 ROOM,16,TOH YI DR,07 TO 09,122,Improved,1988,395000
2003-07,BUKIT TIMAH,5 ROOM,5,TOH YI DR,04 TO 06,122,Improved,1989,365000
2003-07,BUKIT TIMAH,5 ROOM,5,FARRER RD,10 TO 12,125,Standard,1974,438000
2003-07,BUKIT TIMAH,EXECUTIVE,6,TOH YI DR,01 TO 03,146,Maisonette,1989,466000
2003-08,BUKIT TIMAH,3 ROOM,8,EMPRESS RD,04 TO 06,65,Improved,1976,200000
2003-08,BUKIT TIMAH,3 ROOM,4,QUEEN'S RD,04 TO 06,73,Improved,1974,188000
2003-08,BUKIT TIMAH,5 ROOM,4,TOH YI DR,10 TO 12,128,Improved,1988,423000
2003-09,BUKIT TIMAH,3 ROOM,8,EMPRESS RD,04 TO 06,65,Improved,1976,200000
2003-09,BUKIT TIMAH,3 ROOM,19,TOH YI DR,01 TO 03,64,Simplified,1988,156500
2003-09,BUKIT TIMAH,5 ROOM,13,TOH YI DR,13 TO 15,128,Improved,1988,430000
2003-09,BUKIT TIMAH,EXECUTIVE,3,TOH YI DR,04 TO 06,154,Maisonette,1988,482000
2003-10,BUKIT TIMAH,3 ROOM,8,EMPRESS RD,07 TO 09,76,Improved,1976,208000
2003-10,BUKIT TIMAH,3 ROOM,8,EMPRESS RD,13 TO 15,65,Improved,1976,168000
2003-10,BUKIT TIMAH,3 ROOM,4,QUEEN'S RD,10 TO 12,63,Improved,1974,183000
2003-10,BUKIT TIMAH,4 ROOM,6,FARRER RD,10 TO 12,91,Improved,1974,270000
2003-10,BUKIT TIMAH,4 ROOM,3,QUEEN'S RD,10 TO 12,91,Improved,1974,260000
2003-10,BUKIT TIMAH,4 ROOM,16,TOH YI DR,13 TO 15,104,Model A,1988,288000
2003-10,BUKIT TIMAH,4 ROOM,12,TOH YI DR,10 TO 12,104,Model A,1989,274400
2003-10,BUKIT TIMAH,5 ROOM,13,TOH YI DR,04 TO 06,127,Improved,1988,395000
2003-10,BUKIT TIMAH,5 ROOM,5,TOH YI DR,04 TO 06,128,Improved,1989,450000
2003-11,BUKIT TIMAH,3 ROOM,8,EMPRESS RD,13 TO 15,65,Improved,1976,207000
2003-11,BUKIT TIMAH,4 ROOM,6,FARRER RD,04 TO 06,91,Improved,1974,290000
2003-11,BUKIT TIMAH,4 ROOM,3,QUEEN'S RD,10 TO 12,91,Improved,1974,280000
2003-11,BUKIT TIMAH,4 ROOM,5,TOH YI DR,04 TO 06,104,Model A,1989,290000
2003-11,BUKIT TIMAH,5 ROOM,11,TOH YI DR,07 TO 09,122,Improved,1989,405000
2003-11,BUKIT TIMAH,EXECUTIVE,3,TOH YI DR,04 TO 06,146,Maisonette,1988,480000
2003-12,BUKIT TIMAH,3 ROOM,8,EMPRESS RD,07 TO 09,65,Improved,1976,200000
2003-12,BUKIT TIMAH,3 ROOM,8,EMPRESS RD,07 TO 09,65,Improved,1976,190000
2003-12,BUKIT TIMAH,3 ROOM,4,QUEEN'S RD,04 TO 06,73,Improved,1974,202000
2003-12,BUKIT TIMAH,3 ROOM,4,QUEEN'S RD,04 TO 06,74,Improved,1974,195000
2003-12,BUKIT TIMAH,3 ROOM,18,TOH YI DR,01 TO 03,64,Simplified,1989,150000
2003-12,BUKIT TIMAH,3 ROOM,19,TOH YI DR,01 TO 03,64,Simplified,1988,168000
2003-12,BUKIT TIMAH,4 ROOM,13,TOH YI DR,10 TO 12,104,Model A,1988,327500
2003-12,BUKIT TIMAH,4 ROOM,14,TOH YI DR,10 TO 12,104,Model A,1988,303000
2003-12,BUKIT TIMAH,5 ROOM,16,TOH YI DR,10 TO 12,122,Improved,1988,380000
2004-01,BUKIT TIMAH,3 ROOM,8,EMPRESS RD,04 TO 06,65,Improved,1976,195000
2004-01,BUKIT TIMAH,3 ROOM,4,QUEEN'S RD,10 TO 12,63,Improved,1974,228000
2004-01,BUKIT TIMAH,3 ROOM,4,QUEEN'S RD,10 TO 12,63,Improved,1974,230000
2004-01,BUKIT TIMAH,4 ROOM,11,TOH YI DR,10 TO 12,104,Model A,1989,316000
2004-01,BUKIT TIMAH,5 ROOM,13,TOH YI DR,10 TO 12,128,Improved,1988,415000
2004-01,BUKIT TIMAH,5 ROOM,17,TOH YI DR,01 TO 03,122,Improved,1988,370000
2004-01,BUKIT TIMAH,5 ROOM,4,TOH YI DR,13 TO 15,122,Improved,1988,389800
2004-01,BUKIT TIMAH,5 ROOM,9,TOH YI DR,04 TO 06,122,Improved,1989,392500
2004-01,BUKIT TIMAH,5 ROOM,1,QUEEN'S RD,10 TO 12,123,Standard,1974,400888
2004-02,BUKIT TIMAH,3 ROOM,4,QUEEN'S RD,10 TO 12,73,Improved,1974,210000
2004-02,BUKIT TIMAH,3 ROOM,4,QUEEN'S RD,01 TO 03,74,Improved,1974,200000
2004-02,BUKIT TIMAH,3 ROOM,3,QUEEN'S RD,07 TO 09,76,Improved,1974,216000
2004-02,BUKIT TIMAH,4 ROOM,14,TOH YI DR,07 TO 09,104,Model A,1988,295000
2004-02,BUKIT TIMAH,EXECUTIVE,3,TOH YI DR,07 TO 09,146,Maisonette,1988,474000
2004-02,BUKIT TIMAH,EXECUTIVE,10,TOH YI DR,04 TO 06,146,Maisonette,1989,460000
2004-03,BUKIT TIMAH,4 ROOM,6,FARRER RD,07 TO 09,91,Improved,1974,288000
2004-03,BUKIT TIMAH,4 ROOM,4,TOH YI DR,04 TO 06,104,Model A,1988,275000
2004-03,BUKIT TIMAH,4 ROOM,9,TOH YI DR,07 TO 09,104,Model A,1989,303500
2004-03,BUKIT TIMAH,5 ROOM,5,FARRER RD,10 TO 12,120,Standard,1974,365000
2004-03,BUKIT TIMAH,EXECUTIVE,7,TOH YI DR,10 TO 12,142,Apartment,1989,490000
2004-03,BUKIT TIMAH,EXECUTIVE,15,TOH YI DR,01 TO 03,146,Maisonette,1988,402000
2004-03,BUKIT TIMAH,EXECUTIVE,2,TOH YI DR,10 TO 12,146,Maisonette,1988,500000
2004-04,BUKIT TIMAH,3 ROOM,8,EMPRESS RD,13 TO 15,65,Improved,1976,198000
2004-04,BUKIT TIMAH,4 ROOM,17,TOH YI DR,10 TO 12,104,Model A,1988,330000
2004-04,BUKIT TIMAH,4 ROOM,4,TOH YI DR,10 TO 12,104,Model A,1988,310000
2004-04,BUKIT TIMAH,5 ROOM,17,TOH YI DR,10 TO 12,122,Improved,1988,400000
2004-04,BUKIT TIMAH,5 ROOM,5,FARRER RD,07 TO 09,123,Standard,1974,455000
2004-04,BUKIT TIMAH,5 ROOM,5,FARRER RD,07 TO 09,123,Standard,1974,405000
2004-05,BUKIT TIMAH,3 ROOM,6,FARRER RD,04 TO 06,76,Improved,1974,210000
2004-05,BUKIT TIMAH,4 ROOM,3,QUEEN'S RD,04 TO 06,91,Improved,1974,258000
2004-05,BUKIT TIMAH,4 ROOM,3,QUEEN'S RD,04 TO 06,91,Improved,1974,262600
2004-05,BUKIT TIMAH,4 ROOM,17,TOH YI DR,04 TO 06,104,Model A,1988,307000
2004-05,BUKIT TIMAH,4 ROOM,11,TOH YI DR,10 TO 12,104,Model A,1989,294500
2004-05,BUKIT TIMAH,5 ROOM,11,TOH YI DR,01 TO 03,122,Improved,1989,368000
2004-05,BUKIT TIMAH,5 ROOM,1,QUEEN'S RD,13 TO 15,125,Standard,1974,400000
2004-05,BUKIT TIMAH,EXECUTIVE,3,TOH YI DR,01 TO 03,146,Maisonette,1988,392000
2004-06,BUKIT TIMAH,5 ROOM,5,TOH YI DR,13 TO 15,128,Improved,1989,398000
2004-06,BUKIT TIMAH,EXECUTIVE,7,TOH YI DR,07 TO 09,142,Apartment,1989,484000
2004-06,BUKIT TIMAH,EXECUTIVE,2,TOH YI DR,10 TO 12,146,Maisonette,1988,490000
2004-07,BUKIT TIMAH,3 ROOM,8,EMPRESS RD,04 TO 06,65,Improved,1976,185000
2004-07,BUKIT TIMAH,3 ROOM,4,QUEEN'S RD,10 TO 12,73,Improved,1974,235000
2004-07,BUKIT TIMAH,4 ROOM,6,FARRER RD,01 TO 03,91,Improved,1974,270000
2004-07,BUKIT TIMAH,4 ROOM,1,TOH YI DR,04 TO 06,104,Model A,1988,302000
2004-07,BUKIT TIMAH,5 ROOM,5,TOH YI DR,13 TO 15,122,Improved,1989,395000
2004-07,BUKIT TIMAH,5 ROOM,5,FARRER RD,19 TO 21,123,Standard,1974,460000
2004-08,BUKIT TIMAH,3 ROOM,8,EMPRESS RD,10 TO 12,65,Improved,1976,216000
2004-08,BUKIT TIMAH,3 ROOM,4,QUEEN'S RD,10 TO 12,63,Improved,1974,195000
2004-08,BUKIT TIMAH,4 ROOM,6,FARRER RD,04 TO 06,91,Improved,1974,275000
2004-08,BUKIT TIMAH,4 ROOM,9,TOH YI DR,10 TO 12,104,Model A,1989,305000
2004-08,BUKIT TIMAH,EXECUTIVE,7,TOH YI DR,10 TO 12,154,Maisonette,1989,488000
2004-09,BUKIT TIMAH,3 ROOM,8,EMPRESS RD,07 TO 09,65,Improved,1976,182000
2004-09,BUKIT TIMAH,3 ROOM,4,QUEEN'S RD,04 TO 06,73,Improved,1974,185000
2004-09,BUKIT TIMAH,4 ROOM,3,QUEEN'S RD,04 TO 06,91,Improved,1974,250000
2004-09,BUKIT TIMAH,4 ROOM,17,TOH YI DR,10 TO 12,104,Model A,1988,280000
2004-09,BUKIT TIMAH,4 ROOM,5,TOH YI DR,10 TO 12,104,Model A,1989,327000
2004-09,BUKIT TIMAH,5 ROOM,5,FARRER RD,07 TO 09,123,Standard,1974,412000
2004-10,BUKIT TIMAH,3 ROOM,8,EMPRESS RD,10 TO 12,65,Improved,1976,190000
2004-10,BUKIT TIMAH,3 ROOM,4,QUEEN'S RD,07 TO 09,73,Improved,1974,180000
2004-10,BUKIT TIMAH,4 ROOM,4,TOH YI DR,04 TO 06,104,Model A,1988,280000
2004-10,BUKIT TIMAH,4 ROOM,4,TOH YI DR,10 TO 12,104,Model A,1988,268000
2004-10,BUKIT TIMAH,EXECUTIVE,2,TOH YI DR,13 TO 15,154,Maisonette,1988,500800
2004-10,BUKIT TIMAH,EXECUTIVE,3,TOH YI DR,10 TO 12,146,Maisonette,1988,510000
2004-10,BUKIT TIMAH,EXECUTIVE,7,TOH YI DR,04 TO 06,154,Maisonette,1989,500000
2004-11,BUKIT TIMAH,3 ROOM,8,EMPRESS RD,01 TO 03,65,Improved,1976,143000
2004-11,BUKIT TIMAH,3 ROOM,8,EMPRESS RD,10 TO 12,65,Improved,1976,193000
2004-11,BUKIT TIMAH,3 ROOM,4,QUEEN'S RD,04 TO 06,74,Improved,1974,195000
2004-11,BUKIT TIMAH,3 ROOM,4,QUEEN'S RD,04 TO 06,73,Improved,1974,185000
2004-11,BUKIT TIMAH,4 ROOM,14,TOH YI DR,04 TO 06,104,Model A,1988,258000
2004-11,BUKIT TIMAH,5 ROOM,17,TOH YI DR,04 TO 06,122,Improved,1988,380000
2004-12,BUKIT TIMAH,3 ROOM,8,EMPRESS RD,07 TO 09,65,Improved,1976,180000
2004-12,BUKIT TIMAH,4 ROOM,3,QUEEN'S RD,07 TO 09,91,Improved,1974,267300
2004-12,BUKIT TIMAH,4 ROOM,16,TOH YI DR,10 TO 12,104,Model A,1988,300000
2004-12,BUKIT TIMAH,4 ROOM,4,TOH YI DR,10 TO 12,104,Model A,1988,320000
2004-12,BUKIT TIMAH,5 ROOM,17,TOH YI DR,07 TO 09,122,Improved,1988,330000
2005-01,BUKIT TIMAH,4 ROOM,4,TOH YI DR,10 TO 12,104,Model A,1988,300000
2005-01,BUKIT TIMAH,4 ROOM,12,TOH YI DR,04 TO 06,104,Model A,1989,297000
2005-01,BUKIT TIMAH,5 ROOM,4,TOH YI DR,07 TO 09,122,Improved,1988,360000
2005-01,BUKIT TIMAH,5 ROOM,5,TOH YI DR,04 TO 06,122,Improved,1989,330000
2005-01,BUKIT TIMAH,5 ROOM,11,TOH YI DR,04 TO 06,122,Improved,1989,350000
2005-01,BUKIT TIMAH,EXECUTIVE,15,TOH YI DR,01 TO 03,146,Maisonette,1988,370000
2005-02,BUKIT TIMAH,3 ROOM,8,EMPRESS RD,10 TO 12,65,Improved,1976,188500
2005-02,BUKIT TIMAH,4 ROOM,6,FARRER RD,10 TO 12,91,Improved,1974,277000
2005-02,BUKIT TIMAH,4 ROOM,3,QUEEN'S RD,07 TO 09,91,Improved,1974,290000
2005-02,BUKIT TIMAH,4 ROOM,4,TOH YI DR,07 TO 09,104,Model A,1988,310000
2005-02,BUKIT TIMAH,5 ROOM,1,QUEEN'S RD,07 TO 09,120,Standard,1974,308000
2005-03,BUKIT TIMAH,3 ROOM,8,EMPRESS RD,04 TO 06,65,Improved,1976,207000
2005-03,BUKIT TIMAH,3 ROOM,4,QUEEN'S RD,07 TO 09,63,Improved,1974,182000
2005-03,BUKIT TIMAH,4 ROOM,6,FARRER RD,01 TO 03,91,Improved,1974,260000
2005-03,BUKIT TIMAH,4 ROOM,4,TOH YI DR,01 TO 03,104,Model A,1988,300000
2005-03,BUKIT TIMAH,5 ROOM,13,TOH YI DR,10 TO 12,128,Improved,1988,390000
2005-03,BUKIT TIMAH,5 ROOM,17,TOH YI DR,13 TO 15,122,Improved,1988,358000
2005-04,BUKIT TIMAH,3 ROOM,6,FARRER RD,04 TO 06,76,Improved,1974,220000
2005-04,BUKIT TIMAH,3 ROOM,4,QUEEN'S RD,04 TO 06,74,Improved,1974,200000
2005-04,BUKIT TIMAH,4 ROOM,2,QUEEN'S RD,10 TO 12,89,Improved,1974,271000
2005-04,BUKIT TIMAH,5 ROOM,14,TOH YI DR,10 TO 12,122,Improved,1988,340000
2005-04,BUKIT TIMAH,5 ROOM,17,TOH YI DR,04 TO 06,122,Improved,1988,386000
2005-04,BUKIT TIMAH,5 ROOM,17,TOH YI DR,07 TO 09,122,Improved,1988,380000
2005-04,BUKIT TIMAH,5 ROOM,12,TOH YI DR,10 TO 12,122,Improved,1989,366000
2005-04,BUKIT TIMAH,5 ROOM,5,FARRER RD,13 TO 15,125,Standard,1974,420000
2005-04,BUKIT TIMAH,EXECUTIVE,6,TOH YI DR,07 TO 09,146,Maisonette,1989,452000
2005-05,BUKIT TIMAH,3 ROOM,8,EMPRESS RD,13 TO 15,65,Improved,1976,185000
2005-05,BUKIT TIMAH,3 ROOM,6,FARRER RD,07 TO 09,76,Improved,1974,206800
2005-05,BUKIT TIMAH,4 ROOM,9,TOH YI DR,01 TO 03,104,Model A,1989,252000
2005-06,BUKIT TIMAH,3 ROOM,8,EMPRESS RD,10 TO 12,65,Improved,1976,188000
2005-06,BUKIT TIMAH,3 ROOM,4,QUEEN'S RD,10 TO 12,74,Improved,1974,213000
2005-06,BUKIT TIMAH,4 ROOM,6,FARRER RD,04 TO 06,91,Improved,1974,250000
2005-06,BUKIT TIMAH,4 ROOM,3,QUEEN'S RD,10 TO 12,91,Improved,1974,262500
2005-06,BUKIT TIMAH,4 ROOM,12,TOH YI DR,01 TO 03,104,Model A,1989,265000
2005-06,BUKIT TIMAH,4 ROOM,11,TOH YI DR,04 TO 06,108,Model A,1989,290000
2005-06,BUKIT TIMAH,5 ROOM,13,TOH YI DR,04 TO 06,122,Improved,1988,310000
2005-06,BUKIT TIMAH,5 ROOM,4,TOH YI DR,10 TO 12,122,Improved,1988,396000
2005-06,BUKIT TIMAH,EXECUTIVE,2,TOH YI DR,10 TO 12,146,Maisonette,1988,438000
2005-07,BUKIT TIMAH,3 ROOM,8,EMPRESS RD,04 TO 06,65,Improved,1976,183800
2005-07,BUKIT TIMAH,4 ROOM,17,TOH YI DR,13 TO 15,104,Model A,1988,296000
2005-07,BUKIT TIMAH,4 ROOM,11,TOH YI DR,04 TO 06,104,Model A,1989,298000
2005-07,BUKIT TIMAH,5 ROOM,17,TOH YI DR,07 TO 09,128,Improved,1988,340000
2005-07,BUKIT TIMAH,5 ROOM,5,FARRER RD,19 TO 21,120,Standard,1974,423000
2005-07,BUKIT TIMAH,EXECUTIVE,10,TOH YI DR,04 TO 06,146,Maisonette,1989,468000
2005-08,BUKIT TIMAH,3 ROOM,4,QUEEN'S RD,07 TO 09,73,Improved,1974,178000
2005-08,BUKIT TIMAH,4 ROOM,4,TOH YI DR,13 TO 15,104,Model A,1988,308000
2005-08,BUKIT TIMAH,4 ROOM,5,TOH YI DR,01 TO 03,104,Model A,1989,260000
2005-08,BUKIT TIMAH,5 ROOM,4,TOH YI DR,04 TO 06,122,Improved,1988,325000
2005-08,BUKIT TIMAH,EXECUTIVE,7,TOH YI DR,04 TO 06,142,Apartment,1989,375000
2005-08,BUKIT TIMAH,EXECUTIVE,6,TOH YI DR,10 TO 12,154,Maisonette,1989,460000
2005-09,BUKIT TIMAH,3 ROOM,4,QUEEN'S RD,10 TO 12,73,Improved,1974,208000
2005-09,BUKIT TIMAH,4 ROOM,3,QUEEN'S RD,04 TO 06,91,Improved,1974,260000
2005-09,BUKIT TIMAH,4 ROOM,4,TOH YI DR,04 TO 06,104,Model A,1988,302000
2005-09,BUKIT TIMAH,5 ROOM,16,TOH YI DR,10 TO 12,122,Improved,1988,350000
2005-09,BUKIT TIMAH,5 ROOM,5,TOH YI DR,07 TO 09,127,Improved,1989,386000
2005-09,BUKIT TIMAH,5 ROOM,5,TOH YI DR,13 TO 15,122,Improved,1989,368000
2005-09,BUKIT TIMAH,5 ROOM,11,TOH YI DR,07 TO 09,128,Improved,1989,375000
2005-09,BUKIT TIMAH,EXECUTIVE,2,TOH YI DR,01 TO 03,146,Maisonette,1988,377000
2005-10,BUKIT TIMAH,3 ROOM,8,EMPRESS RD,10 TO 12,65,Improved,1976,188000
2005-10,BUKIT TIMAH,4 ROOM,6,FARRER RD,07 TO 09,91,Improved,1974,270000
2005-10,BUKIT TIMAH,4 ROOM,2,QUEEN'S RD,04 TO 06,89,Improved,1974,277000
2005-10,BUKIT TIMAH,4 ROOM,13,TOH YI DR,07 TO 09,104,Model A,1988,298000
2005-10,BUKIT TIMAH,5 ROOM,1,QUEEN'S RD,13 TO 15,125,Standard,1974,406000
2005-10,BUKIT TIMAH,EXECUTIVE,15,TOH YI DR,01 TO 03,146,Maisonette,1988,375000
2005-10,BUKIT TIMAH,EXECUTIVE,2,TOH YI DR,10 TO 12,146,Maisonette,1988,455000
2005-10,BUKIT TIMAH,EXECUTIVE,3,TOH YI DR,04 TO 06,146,Maisonette,1988,405000
2005-10,BUKIT TIMAH,EXECUTIVE,6,TOH YI DR,04 TO 06,146,Maisonette,1989,455000
2005-11,BUKIT TIMAH,3 ROOM,8,EMPRESS RD,13 TO 15,76,Improved,1976,221888
2005-11,BUKIT TIMAH,4 ROOM,3,QUEEN'S RD,04 TO 06,91,Improved,1974,255000
2005-11,BUKIT TIMAH,4 ROOM,17,TOH YI DR,04 TO 06,104,Model A,1988,326000
2005-11,BUKIT TIMAH,EXECUTIVE,3,TOH YI DR,04 TO 06,154,Maisonette,1988,420000
2005-11,BUKIT TIMAH,EXECUTIVE,3,TOH YI DR,07 TO 09,154,Maisonette,1988,465000
2005-12,BUKIT TIMAH,4 ROOM,6,FARRER RD,07 TO 09,91,Improved,1974,264000
2005-12,BUKIT TIMAH,4 ROOM,17,TOH YI DR,04 TO 06,104,Model A,1988,270000
2005-12,BUKIT TIMAH,4 ROOM,5,TOH YI DR,04 TO 06,104,Model A,1989,296000
2005-12,BUKIT TIMAH,4 ROOM,11,TOH YI DR,04 TO 06,104,Model A,1989,290000
2005-12,BUKIT TIMAH,5 ROOM,13,TOH YI DR,04 TO 06,122,Improved,1988,320000
2005-12,BUKIT TIMAH,EXECUTIVE,3,TOH YI DR,04 TO 06,146,Maisonette,1988,408000
2005-12,BUKIT TIMAH,EXECUTIVE,10,TOH YI DR,04 TO 06,146,Maisonette,1989,438000
2006-01,BUKIT TIMAH,3 ROOM,8,EMPRESS RD,10 TO 12,65,Improved,1976,200000
2006-01,BUKIT TIMAH,3 ROOM,4,QUEEN'S RD,01 TO 03,73,Improved,1974,178000
2006-01,BUKIT TIMAH,3 ROOM,4,QUEEN'S RD,01 TO 03,73,Improved,1974,190000
2006-01,BUKIT TIMAH,4 ROOM,13,TOH YI DR,13 TO 15,104,Model A,1988,318000
2006-01,BUKIT TIMAH,4 ROOM,5,TOH YI DR,13 TO 15,104,Model A,1989,306500
2006-01,BUKIT TIMAH,5 ROOM,14,TOH YI DR,07 TO 09,122,Improved,1988,330000
2006-01,BUKIT TIMAH,5 ROOM,5,FARRER RD,07 TO 09,123,Standard,1974,420000
2006-01,BUKIT TIMAH,5 ROOM,1,QUEEN'S RD,16 TO 18,123,Standard,1974,385000
2006-01,BUKIT TIMAH,EXECUTIVE,3,TOH YI DR,01 TO 03,154,Maisonette,1988,395000
2006-02,BUKIT TIMAH,3 ROOM,8,EMPRESS RD,13 TO 15,76,Improved,1976,216000
2006-02,BUKIT TIMAH,4 ROOM,3,QUEEN'S RD,04 TO 06,91,Improved,1974,267000
2006-02,BUKIT TIMAH,4 ROOM,3,QUEEN'S RD,04 TO 06,91,Improved,1974,280000
2006-02,BUKIT TIMAH,EXECUTIVE,3,TOH YI DR,04 TO 06,150,Maisonette,1988,438000
2006-02,BUKIT TIMAH,EXECUTIVE,6,TOH YI DR,04 TO 06,146,Maisonette,1989,441000
2006-03,BUKIT TIMAH,3 ROOM,4,QUEEN'S RD,07 TO 09,74,Improved,1974,219000
2006-03,BUKIT TIMAH,3 ROOM,18,TOH YI DR,04 TO 06,64,Simplified,1989,145000
2006-03,BUKIT TIMAH,4 ROOM,17,TOH YI DR,07 TO 09,104,Model A,1988,312000
2006-03,BUKIT TIMAH,5 ROOM,1,TOH YI DR,01 TO 03,122,Improved,1988,328000
2006-03,BUKIT TIMAH,EXECUTIVE,10,TOH YI DR,04 TO 06,154,Maisonette,1989,450000
2006-04,BUKIT TIMAH,3 ROOM,4,QUEEN'S RD,10 TO 12,63,Improved,1974,185000
2006-04,BUKIT TIMAH,4 ROOM,2,QUEEN'S RD,04 TO 06,89,Improved,1974,272000
2006-04,BUKIT TIMAH,4 ROOM,14,TOH YI DR,10 TO 12,104,Model A,1988,305000
2006-04,BUKIT TIMAH,4 ROOM,11,TOH YI DR,07 TO 09,108,Model A,1989,305000
2006-04,BUKIT TIMAH,5 ROOM,1,QUEEN'S RD,04 TO 06,120,Standard,1974,412000
2006-05,BUKIT TIMAH,4 ROOM,13,TOH YI DR,04 TO 06,104,Model A,1988,298000
2006-05,BUKIT TIMAH,4 ROOM,9,TOH YI DR,07 TO 09,104,Model A,1989,302000
2006-05,BUKIT TIMAH,5 ROOM,14,TOH YI DR,04 TO 06,122,Improved,1988,328000
2006-05,BUKIT TIMAH,5 ROOM,16,TOH YI DR,04 TO 06,122,Improved,1988,333000
2006-05,BUKIT TIMAH,5 ROOM,1,QUEEN'S RD,04 TO 06,120,Standard,1974,405000
2006-05,BUKIT TIMAH,5 ROOM,1,QUEEN'S RD,04 TO 06,123,Standard,1974,370000
2006-05,BUKIT TIMAH,EXECUTIVE,7,TOH YI DR,01 TO 03,146,Maisonette,1989,426000
2006-06,BUKIT TIMAH,3 ROOM,8,EMPRESS RD,13 TO 15,65,Improved,1976,207000
2006-06,BUKIT TIMAH,3 ROOM,8,EMPRESS RD,01 TO 03,65,Improved,1976,143000
2006-06,BUKIT TIMAH,3 ROOM,8,EMPRESS RD,01 TO 03,65,Improved,1976,178000
2006-06,BUKIT TIMAH,3 ROOM,4,QUEEN'S RD,04 TO 06,74,Improved,1974,206000
2006-06,BUKIT TIMAH,3 ROOM,4,QUEEN'S RD,07 TO 09,63,Improved,1974,195000
2006-06,BUKIT TIMAH,4 ROOM,16,TOH YI DR,13 TO 15,104,Model A,1988,296000
2006-06,BUKIT TIMAH,5 ROOM,13,TOH YI DR,07 TO 09,122,Improved,1988,330000
2006-06,BUKIT TIMAH,5 ROOM,17,TOH YI DR,04 TO 06,122,Improved,1988,320000
2006-06,BUKIT TIMAH,EXECUTIVE,7,TOH YI DR,10 TO 12,146,Maisonette,1989,480000
2006-07,BUKIT TIMAH,3 ROOM,8,EMPRESS RD,04 TO 06,65,Improved,1976,178000
2006-07,BUKIT TIMAH,3 ROOM,8,EMPRESS RD,07 TO 09,65,Improved,1976,185000
2006-07,BUKIT TIMAH,4 ROOM,14,TOH YI DR,07 TO 09,104,Model A,1988,310000
2006-07,BUKIT TIMAH,4 ROOM,14,TOH YI DR,04 TO 06,104,Model A,1988,301000
2006-07,BUKIT TIMAH,5 ROOM,9,TOH YI DR,04 TO 06,122,Improved,1989,326000
2006-07,BUKIT TIMAH,EXECUTIVE,15,TOH YI DR,01 TO 03,146,Maisonette,1988,385000
2006-08,BUKIT TIMAH,3 ROOM,8,EMPRESS RD,13 TO 15,65,Improved,1976,230000
2006-08,BUKIT TIMAH,3 ROOM,18,TOH YI DR,01 TO 03,64,Simplified,1989,143000
2006-08,BUKIT TIMAH,4 ROOM,14,TOH YI DR,10 TO 12,104,Model A,1988,295000
2006-08,BUKIT TIMAH,5 ROOM,9,TOH YI DR,04 TO 06,122,Improved,1989,323000
2006-08,BUKIT TIMAH,5 ROOM,9,TOH YI DR,07 TO 09,122,Improved,1989,370000
2006-08,BUKIT TIMAH,EXECUTIVE,2,TOH YI DR,01 TO 03,146,Maisonette,1988,400000
2006-08,BUKIT TIMAH,EXECUTIVE,6,TOH YI DR,10 TO 12,146,Maisonette,1989,481000
2006-09,BUKIT TIMAH,3 ROOM,4,QUEEN'S RD,10 TO 12,73,Improved,1974,188000
2006-09,BUKIT TIMAH,4 ROOM,4,TOH YI DR,04 TO 06,104,Model A,1988,320000
2006-09,BUKIT TIMAH,4 ROOM,4,TOH YI DR,07 TO 09,104,Model A,1988,306000
2006-09,BUKIT TIMAH,4 ROOM,11,TOH YI DR,01 TO 03,104,Model A,1989,290000
2006-09,BUKIT TIMAH,5 ROOM,16,TOH YI DR,01 TO 03,122,Improved,1988,313000
2006-09,BUKIT TIMAH,EXECUTIVE,7,TOH YI DR,04 TO 06,142,Apartment,1989,455000
2006-10,BUKIT TIMAH,4 ROOM,3,QUEEN'S RD,10 TO 12,91,Improved,1974,305000
2006-10,BUKIT TIMAH,4 ROOM,13,TOH YI DR,07 TO 09,104,Model A,1988,312000
2006-10,BUKIT TIMAH,5 ROOM,16,TOH YI DR,04 TO 06,122,Improved,1988,333000
2006-10,BUKIT TIMAH,5 ROOM,5,TOH YI DR,01 TO 03,128,Improved,1989,328000
2006-10,BUKIT TIMAH,5 ROOM,11,TOH YI DR,04 TO 06,122,Improved,1989,358000
2006-11,BUKIT TIMAH,3 ROOM,8,EMPRESS RD,07 TO 09,65,Improved,1976,215888
2006-11,BUKIT TIMAH,4 ROOM,6,FARRER RD,10 TO 12,91,Improved,1974,315000
2006-11,BUKIT TIMAH,4 ROOM,14,TOH YI DR,07 TO 09,104,Model A,1988,315000
2006-11,BUKIT TIMAH,4 ROOM,4,TOH YI DR,01 TO 03,104,Model A,1988,270000
2006-11,BUKIT TIMAH,4 ROOM,12,TOH YI DR,01 TO 03,104,Model A,1989,305000
2006-11,BUKIT TIMAH,4 ROOM,11,TOH YI DR,04 TO 06,108,Model A,1989,297000
2006-11,BUKIT TIMAH,4 ROOM,11,TOH YI DR,04 TO 06,108,Model A,1989,298000
2006-11,BUKIT TIMAH,EXECUTIVE,2,TOH YI DR,04 TO 06,146,Maisonette,1988,448000
2006-12,BUKIT TIMAH,3 ROOM,8,EMPRESS RD,10 TO 12,65,Improved,1976,224000
2006-12,BUKIT TIMAH,3 ROOM,4,QUEEN'S RD,10 TO 12,73,Improved,1974,215000
2006-12,BUKIT TIMAH,4 ROOM,6,FARRER RD,10 TO 12,91,Improved,1974,285000
2006-12,BUKIT TIMAH,4 ROOM,13,TOH YI DR,07 TO 09,104,Model A,1988,302000
2006-12,BUKIT TIMAH,5 ROOM,16,TOH YI DR,10 TO 12,122,Improved,1988,337000
2006-12,BUKIT TIMAH,5 ROOM,1,TOH YI DR,01 TO 03,122,Improved,1988,328000
2007-01,BUKIT TIMAH,4 ROOM,2,QUEEN'S RD,01 TO 03,89,Improved,1974,274500
2007-01,BUKIT TIMAH,4 ROOM,13,TOH YI DR,01 TO 03,104,Model A,1988,295000
2007-01,BUKIT TIMAH,4 ROOM,17,TOH YI DR,01 TO 03,104,Model A,1988,290000
2007-01,BUKIT TIMAH,4 ROOM,5,TOH YI DR,07 TO 09,104,Model A,1989,296000
2007-01,BUKIT TIMAH,5 ROOM,13,TOH YI DR,13 TO 15,122,Improved,1988,340000
2007-01,BUKIT TIMAH,EXECUTIVE,15,TOH YI DR,01 TO 03,146,Maisonette,1988,395000
2007-02,BUKIT TIMAH,4 ROOM,5,TOH YI DR,04 TO 06,104,Model A,1989,310000
2007-02,BUKIT TIMAH,EXECUTIVE,6,TOH YI DR,04 TO 06,146,Maisonette,1989,453000
2007-02,BUKIT TIMAH,EXECUTIVE,8,TOH YI DR,01 TO 03,146,Maisonette,1989,443000
2007-03,BUKIT TIMAH,3 ROOM,4,QUEEN'S RD,04 TO 06,73,Improved,1974,228000
2007-03,BUKIT TIMAH,4 ROOM,3,QUEEN'S RD,10 TO 12,91,Improved,1974,335000
2007-03,BUKIT TIMAH,4 ROOM,5,TOH YI DR,07 TO 09,104,Model A,1989,335000
2007-03,BUKIT TIMAH,4 ROOM,11,TOH YI DR,07 TO 09,104,Model A,1989,312000
2007-03,BUKIT TIMAH,5 ROOM,11,TOH YI DR,04 TO 06,122,Improved,1989,348000
2007-03,BUKIT TIMAH,5 ROOM,1,QUEEN'S RD,01 TO 03,123,Standard,1974,443800
2007-03,BUKIT TIMAH,EXECUTIVE,2,TOH YI DR,01 TO 03,154,Maisonette,1988,448000
2007-04,BUKIT TIMAH,3 ROOM,4,QUEEN'S RD,07 TO 09,73,Improved,1974,230000
2007-04,BUKIT TIMAH,3 ROOM,3,QUEEN'S RD,10 TO 12,76,Improved,1974,245000
2007-04,BUKIT TIMAH,3 ROOM,19,TOH YI DR,01 TO 03,64,Simplified,1988,148000
2007-04,BUKIT TIMAH,4 ROOM,3,QUEEN'S RD,04 TO 06,91,Improved,1974,305000
2007-04,BUKIT TIMAH,4 ROOM,14,TOH YI DR,07 TO 09,104,Model A,1988,325000
2007-04,BUKIT TIMAH,5 ROOM,17,TOH YI DR,07 TO 09,122,Improved,1988,330000
2007-04,BUKIT TIMAH,5 ROOM,4,TOH YI DR,04 TO 06,122,Improved,1988,350888
2007-05,BUKIT TIMAH,4 ROOM,3,QUEEN'S RD,07 TO 09,91,Improved,1974,290000
2007-06,BUKIT TIMAH,4 ROOM,3,QUEEN'S RD,10 TO 12,91,Improved,1974,295000
2007-06,BUKIT TIMAH,4 ROOM,2,QUEEN'S RD,01 TO 03,89,Improved,1974,320000
2007-06,BUKIT TIMAH,4 ROOM,14,TOH YI DR,04 TO 06,104,Model A,1988,312000
2007-06,BUKIT TIMAH,EXECUTIVE,10,TOH YI DR,04 TO 06,146,Maisonette,1989,500000
2007-07,BUKIT TIMAH,3 ROOM,3,QUEEN'S RD,10 TO 12,76,Improved,1974,250000
2007-07,BUKIT TIMAH,4 ROOM,4,TOH YI DR,07 TO 09,104,Model A,1988,318000
2007-07,BUKIT TIMAH,5 ROOM,14,TOH YI DR,13 TO 15,122,Improved,1988,370000
2007-07,BUKIT TIMAH,5 ROOM,5,FARRER RD,13 TO 15,123,Standard,1974,550000
2007-07,BUKIT TIMAH,EXECUTIVE,7,TOH YI DR,04 TO 06,146,Apartment,1989,473000
2007-08,BUKIT TIMAH,5 ROOM,14,TOH YI DR,04 TO 06,122,Improved,1988,406000
2007-08,BUKIT TIMAH,5 ROOM,4,TOH YI DR,07 TO 09,122,Improved,1988,410000
2007-08,BUKIT TIMAH,5 ROOM,5,FARRER RD,16 TO 18,123,Standard,1974,510000
2007-08,BUKIT TIMAH,EXECUTIVE,3,TOH YI DR,07 TO 09,150,Maisonette,1988,638000
2007-09,BUKIT TIMAH,4 ROOM,14,TOH YI DR,01 TO 03,104,Model A,1988,320000
2007-09,BUKIT TIMAH,4 ROOM,4,TOH YI DR,01 TO 03,104,Model A,1988,280000
2007-09,BUKIT TIMAH,4 ROOM,11,TOH YI DR,04 TO 06,104,Model A,1989,332000
2007-09,BUKIT TIMAH,5 ROOM,9,TOH YI DR,01 TO 03,122,Improved,1989,340000
2007-09,BUKIT TIMAH,5 ROOM,11,TOH YI DR,01 TO 03,122,Improved,1989,405000
2007-09,BUKIT TIMAH,5 ROOM,5,FARRER RD,01 TO 03,123,Standard,1974,600000
2007-09,BUKIT TIMAH,EXECUTIVE,6,TOH YI DR,04 TO 06,146,Maisonette,1989,630000
2007-09,BUKIT TIMAH,EXECUTIVE,6,TOH YI DR,10 TO 12,146,Maisonette,1989,638000
2007-10,BUKIT TIMAH,3 ROOM,4,QUEEN'S RD,10 TO 12,73,Improved,1974,300000
2007-10,BUKIT TIMAH,4 ROOM,16,TOH YI DR,04 TO 06,104,Model A,1988,360000
2007-10,BUKIT TIMAH,5 ROOM,9,TOH YI DR,01 TO 03,128,Improved,1989,420000
2007-10,BUKIT TIMAH,EXECUTIVE,2,TOH YI DR,10 TO 12,146,Maisonette,1988,635000
2007-11,BUKIT TIMAH,3 ROOM,8,EMPRESS RD,04 TO 06,65,Improved,1976,220000
2007-11,BUKIT TIMAH,3 ROOM,4,QUEEN'S RD,04 TO 06,74,Improved,1974,242000
2007-11,BUKIT TIMAH,4 ROOM,4,TOH YI DR,07 TO 09,104,Model A,1988,400000
2007-11,BUKIT TIMAH,5 ROOM,5,FARRER RD,13 TO 15,123,Standard,1974,600000
2007-11,BUKIT TIMAH,5 ROOM,5,FARRER RD,16 TO 18,125,Standard,1974,500000
2007-12,BUKIT TIMAH,3 ROOM,8,EMPRESS RD,04 TO 06,65,Improved,1976,230000
2007-12,BUKIT TIMAH,4 ROOM,12,TOH YI DR,07 TO 09,104,Model A,1989,326000
2007-12,BUKIT TIMAH,4 ROOM,12,TOH YI DR,04 TO 06,104,Model A,1989,365000
2007-12,BUKIT TIMAH,5 ROOM,14,TOH YI DR,04 TO 06,122,Improved,1988,440000
2007-12,BUKIT TIMAH,EXECUTIVE,2,TOH YI DR,04 TO 06,146,Maisonette,1988,653000
2007-12,BUKIT TIMAH,EXECUTIVE,7,TOH YI DR,10 TO 12,146,Maisonette,1989,638000
2007-12,BUKIT TIMAH,EXECUTIVE,7,TOH YI DR,10 TO 12,146,Maisonette,1989,639000
2008-01,BUKIT TIMAH,3 ROOM,4,QUEEN'S RD,04 TO 06,73,Improved,1974,245000
2008-01,BUKIT TIMAH,4 ROOM,2,QUEEN'S RD,10 TO 12,89,Improved,1974,418888
2008-01,BUKIT TIMAH,4 ROOM,17,TOH YI DR,04 TO 06,104,Model A,1988,372500
2008-01,BUKIT TIMAH,4 ROOM,4,TOH YI DR,07 TO 09,104,Model A,1988,400000
2008-01,BUKIT TIMAH,EXECUTIVE,2,TOH YI DR,04 TO 06,146,Maisonette,1988,490000
2008-02,BUKIT TIMAH,3 ROOM,4,QUEEN'S RD,04 TO 06,73,Improved,1974,265000
2008-02,BUKIT TIMAH,4 ROOM,3,QUEEN'S RD,07 TO 09,91,Improved,1974,377000
2008-02,BUKIT TIMAH,4 ROOM,16,TOH YI DR,13 TO 15,104,Model A,1988,405000
2008-02,BUKIT TIMAH,4 ROOM,17,TOH YI DR,13 TO 15,104,Model A,1988,405000
2008-02,BUKIT TIMAH,4 ROOM,5,TOH YI DR,04 TO 06,104,Model A,1989,380000
2008-02,BUKIT TIMAH,5 ROOM,13,TOH YI DR,04 TO 06,128,Improved,1988,390000
2008-02,BUKIT TIMAH,5 ROOM,4,TOH YI DR,13 TO 15,122,Improved,1988,440000
2008-02,BUKIT TIMAH,5 ROOM,9,TOH YI DR,07 TO 09,124,Improved,1989,396000
2008-02,BUKIT TIMAH,5 ROOM,1,QUEEN'S RD,22 TO 24,125,Standard,1974,700000
2008-02,BUKIT TIMAH,5 ROOM,1,QUEEN'S RD,22 TO 24,120,Standard,1974,680000
2008-03,BUKIT TIMAH,3 ROOM,8,EMPRESS RD,13 TO 15,65,Improved,1976,295000
2008-03,BUKIT TIMAH,4 ROOM,13,TOH YI DR,04 TO 06,104,Model A,1988,438000
2008-03,BUKIT TIMAH,5 ROOM,13,TOH YI DR,10 TO 12,122,Improved,1988,520000
2008-03,BUKIT TIMAH,EXECUTIVE,6,TOH YI DR,13 TO 15,150,Maisonette,1989,702000
2008-03,BUKIT TIMAH,EXECUTIVE,8,TOH YI DR,01 TO 03,145,Maisonette,1989,635000
2008-04,BUKIT TIMAH,4 ROOM,6,FARRER RD,07 TO 09,91,Improved,1974,400000
2008-04,BUKIT TIMAH,4 ROOM,16,TOH YI DR,07 TO 09,104,Model A,1988,420000
2008-04,BUKIT TIMAH,4 ROOM,17,TOH YI DR,04 TO 06,104,Model A,1988,424000
2008-04,BUKIT TIMAH,5 ROOM,14,TOH YI DR,01 TO 03,122,Improved,1988,415000
2008-04,BUKIT TIMAH,5 ROOM,1,TOH YI DR,04 TO 06,122,Improved,1988,475000
2008-04,BUKIT TIMAH,5 ROOM,4,TOH YI DR,10 TO 12,122,Improved,1988,469000
2008-04,BUKIT TIMAH,5 ROOM,5,FARRER RD,07 TO 09,123,Standard,1974,580000
2008-04,BUKIT TIMAH,5 ROOM,1,QUEEN'S RD,16 TO 18,123,Standard,1974,750000
2008-04,BUKIT TIMAH,EXECUTIVE,6,TOH YI DR,04 TO 06,146,Maisonette,1989,655000
2008-05,BUKIT TIMAH,3 ROOM,4,QUEEN'S RD,04 TO 06,73,Improved,1974,260000
2008-05,BUKIT TIMAH,3 ROOM,2,QUEEN'S RD,10 TO 12,74,Improved,1974,270000
2008-05,BUKIT TIMAH,4 ROOM,2,QUEEN'S RD,04 TO 06,89,Improved,1974,400000
2008-05,BUKIT TIMAH,4 ROOM,16,TOH YI DR,10 TO 12,104,Model A,1988,425000
2008-05,BUKIT TIMAH,4 ROOM,5,TOH YI DR,04 TO 06,104,Model A,1989,422000
2008-05,BUKIT TIMAH,4 ROOM,11,TOH YI DR,04 TO 06,104,Model A,1989,400000
2008-05,BUKIT TIMAH,5 ROOM,14,TOH YI DR,07 TO 09,122,Improved,1988,530000
2008-05,BUKIT TIMAH,5 ROOM,17,TOH YI DR,04 TO 06,122,Improved,1988,528000
2008-05,BUKIT TIMAH,5 ROOM,1,TOH YI DR,04 TO 06,122,Improved,1988,400000
2008-05,BUKIT TIMAH,5 ROOM,5,FARRER RD,13 TO 15,123,Standard,1974,700000
2008-05,BUKIT TIMAH,EXECUTIVE,7,TOH YI DR,07 TO 09,142,Apartment,1989,725000
2008-05,BUKIT TIMAH,EXECUTIVE,2,TOH YI DR,10 TO 12,154,Maisonette,1988,688000
2008-06,BUKIT TIMAH,3 ROOM,4,QUEEN'S RD,10 TO 12,63,Improved,1974,294000
2008-06,BUKIT TIMAH,4 ROOM,2,QUEEN'S RD,10 TO 12,89,Improved,1974,459000
2008-06,BUKIT TIMAH,4 ROOM,14,TOH YI DR,04 TO 06,104,Model A,1988,438000
2008-06,BUKIT TIMAH,4 ROOM,5,TOH YI DR,10 TO 12,104,Model A,1989,436000
2008-06,BUKIT TIMAH,4 ROOM,9,TOH YI DR,07 TO 09,104,Model A,1989,428000
2008-06,BUKIT TIMAH,5 ROOM,13,TOH YI DR,04 TO 06,127,Improved,1988,550000
2008-06,BUKIT TIMAH,EXECUTIVE,8,TOH YI DR,01 TO 03,145,Maisonette,1989,650000
2008-07,BUKIT TIMAH,3 ROOM,8,EMPRESS RD,10 TO 12,65,Improved,1976,299000
2008-07,BUKIT TIMAH,3 ROOM,4,QUEEN'S RD,07 TO 09,74,Improved,1974,328000
2008-07,BUKIT TIMAH,4 ROOM,3,QUEEN'S RD,04 TO 06,91,Improved,1974,430000
2008-07,BUKIT TIMAH,EXECUTIVE,10,TOH YI DR,01 TO 03,146,Maisonette,1989,630000
2008-08,BUKIT TIMAH,4 ROOM,17,TOH YI DR,07 TO 09,104,Model A,1988,438800
2008-08,BUKIT TIMAH,5 ROOM,5,FARRER RD,04 TO 06,125,Standard,1974,615000
2008-08,BUKIT TIMAH,EXECUTIVE,2,TOH YI DR,04 TO 06,146,Maisonette,1988,633000
2008-08,BUKIT TIMAH,EXECUTIVE,2,TOH YI DR,10 TO 12,146,Maisonette,1988,670000
2008-08,BUKIT TIMAH,EXECUTIVE,3,TOH YI DR,01 TO 03,146,Maisonette,1988,630000
2008-09,BUKIT TIMAH,3 ROOM,8,EMPRESS RD,07 TO 09,65,Improved,1976,295000
2008-09,BUKIT TIMAH,3 ROOM,8,EMPRESS RD,13 TO 15,65,Improved,1976,290000
2008-09,BUKIT TIMAH,3 ROOM,4,QUEEN'S RD,10 TO 12,63,Improved,1974,290000
2008-09,BUKIT TIMAH,4 ROOM,3,QUEEN'S RD,10 TO 12,91,Improved,1974,425000
2008-09,BUKIT TIMAH,4 ROOM,13,TOH YI DR,04 TO 06,104,Model A,1988,455000
2008-09,BUKIT TIMAH,4 ROOM,19,TOH YI DR,04 TO 06,84,Simplified,1988,386000
2008-09,BUKIT TIMAH,5 ROOM,8,EMPRESS RD,04 TO 06,130,Adjoined flat,1976,501000
2008-09,BUKIT TIMAH,5 ROOM,17,TOH YI DR,10 TO 12,122,Improved,1988,550000
2008-09,BUKIT TIMAH,5 ROOM,5,FARRER RD,13 TO 15,123,Standard,1974,666000
2008-09,BUKIT TIMAH,5 ROOM,5,FARRER RD,04 TO 06,123,Standard,1974,625000
2008-09,BUKIT TIMAH,5 ROOM,1,QUEEN'S RD,04 TO 06,120,Standard,1974,650000
2008-10,BUKIT TIMAH,3 ROOM,8,EMPRESS RD,04 TO 06,65,Improved,1976,290000
2008-10,BUKIT TIMAH,3 ROOM,8,EMPRESS RD,10 TO 12,65,Improved,1976,318000
2008-10,BUKIT TIMAH,4 ROOM,14,TOH YI DR,04 TO 06,104,Model A,1988,420000
2008-10,BUKIT TIMAH,4 ROOM,9,TOH YI DR,10 TO 12,104,Model A,1989,440000
2008-10,BUKIT TIMAH,4 ROOM,9,TOH YI DR,04 TO 06,104,Model A,1989,420000
2008-10,BUKIT TIMAH,EXECUTIVE,2,TOH YI DR,13 TO 15,150,Maisonette,1988,702000
2008-10,BUKIT TIMAH,EXECUTIVE,6,TOH YI DR,10 TO 12,150,Maisonette,1989,665000
2008-11,BUKIT TIMAH,3 ROOM,8,EMPRESS RD,13 TO 15,76,Improved,1976,334100
2008-11,BUKIT TIMAH,3 ROOM,4,QUEEN'S RD,07 TO 09,73,Improved,1974,346000
2008-11,BUKIT TIMAH,3 ROOM,4,QUEEN'S RD,10 TO 12,73,Improved,1974,345000
2008-11,BUKIT TIMAH,4 ROOM,2,QUEEN'S RD,01 TO 03,89,Improved,1974,428000
2008-11,BUKIT TIMAH,4 ROOM,5,TOH YI DR,04 TO 06,104,Model A,1989,459000
2008-11,BUKIT TIMAH,5 ROOM,16,TOH YI DR,07 TO 09,122,Improved,1988,523000
2008-11,BUKIT TIMAH,5 ROOM,17,TOH YI DR,01 TO 03,122,Improved,1988,435000
2008-11,BUKIT TIMAH,5 ROOM,5,FARRER RD,13 TO 15,123,Standard,1974,650000
2008-11,BUKIT TIMAH,EXECUTIVE,3,TOH YI DR,01 TO 03,146,Maisonette,1988,628000
2008-11,BUKIT TIMAH,EXECUTIVE,3,TOH YI DR,04 TO 06,146,Maisonette,1988,680000
2008-12,BUKIT TIMAH,3 ROOM,8,EMPRESS RD,04 TO 06,65,Improved,1976,292000
2008-12,BUKIT TIMAH,4 ROOM,6,FARRER RD,01 TO 03,91,Improved,1974,400000
2008-12,BUKIT TIMAH,4 ROOM,1,TOH YI DR,07 TO 09,104,Model A,1988,460000
2008-12,BUKIT TIMAH,5 ROOM,11,TOH YI DR,04 TO 06,122,Improved,1989,490000
2009-01,BUKIT TIMAH,4 ROOM,1,TOH YI DR,10 TO 12,104,Model A,1988,456800
2009-01,BUKIT TIMAH,4 ROOM,4,TOH YI DR,10 TO 12,104,Model A,1988,465000
2009-01,BUKIT TIMAH,4 ROOM,11,TOH YI DR,10 TO 12,104,Model A,1989,460000
2009-01,BUKIT TIMAH,EXECUTIVE,6,TOH YI DR,10 TO 12,150,Maisonette,1989,665000
2009-02,BUKIT TIMAH,3 ROOM,8,EMPRESS RD,13 TO 15,65,Improved,1976,350000
2009-02,BUKIT TIMAH,4 ROOM,16,TOH YI DR,01 TO 03,104,Model A,1988,426000
2009-02,BUKIT TIMAH,4 ROOM,1,TOH YI DR,07 TO 09,104,Model A,1988,448000
2009-03,BUKIT TIMAH,3 ROOM,4,QUEEN'S RD,10 TO 12,63,Improved,1974,315000
2009-03,BUKIT TIMAH,4 ROOM,6,FARRER RD,10 TO 12,91,Improved,1974,395000
2009-03,BUKIT TIMAH,4 ROOM,2,QUEEN'S RD,01 TO 03,89,Improved,1974,408000
2009-03,BUKIT TIMAH,4 ROOM,13,TOH YI DR,10 TO 12,104,Model A,1988,438000
2009-03,BUKIT TIMAH,4 ROOM,17,TOH YI DR,04 TO 06,104,Model A,1988,428000
2009-03,BUKIT TIMAH,4 ROOM,11,TOH YI DR,04 TO 06,108,Model A,1989,410000
2009-03,BUKIT TIMAH,5 ROOM,14,TOH YI DR,10 TO 12,122,Improved,1988,518000
2009-04,BUKIT TIMAH,3 ROOM,8,EMPRESS RD,07 TO 09,65,Improved,1976,295000
2009-04,BUKIT TIMAH,3 ROOM,8,EMPRESS RD,04 TO 06,65,Improved,1976,282000
2009-04,BUKIT TIMAH,4 ROOM,17,TOH YI DR,13 TO 15,104,Model A,1988,450000
2009-04,BUKIT TIMAH,4 ROOM,12,TOH YI DR,07 TO 09,104,Model A,1989,438000
2009-04,BUKIT TIMAH,5 ROOM,1,TOH YI DR,10 TO 12,128,Improved,1988,550000
2009-04,BUKIT TIMAH,5 ROOM,1,QUEEN'S RD,07 TO 09,123,Standard,1974,650000
2009-05,BUKIT TIMAH,3 ROOM,8,EMPRESS RD,04 TO 06,65,Improved,1976,354000
2009-05,BUKIT TIMAH,3 ROOM,6,FARRER RD,07 TO 09,76,Improved,1974,340000
2009-05,BUKIT TIMAH,4 ROOM,9,TOH YI DR,01 TO 03,104,Model A,1989,428000
2009-05,BUKIT TIMAH,4 ROOM,11,TOH YI DR,04 TO 06,104,Model A,1989,400000
2009-06,BUKIT TIMAH,4 ROOM,6,FARRER RD,01 TO 03,91,Improved,1974,372000
2009-06,BUKIT TIMAH,4 ROOM,3,QUEEN'S RD,07 TO 09,91,Improved,1974,379000
2009-06,BUKIT TIMAH,5 ROOM,14,TOH YI DR,07 TO 09,122,Improved,1988,527000
2009-06,BUKIT TIMAH,5 ROOM,5,FARRER RD,10 TO 12,120,Standard,1974,580000
2009-06,BUKIT TIMAH,5 ROOM,1,QUEEN'S RD,19 TO 21,123,Standard,1974,595000
2009-07,BUKIT TIMAH,3 ROOM,8,EMPRESS RD,10 TO 12,65,Improved,1976,288000
2009-07,BUKIT TIMAH,3 ROOM,4,QUEEN'S RD,01 TO 03,74,Improved,1974,250000
2009-07,BUKIT TIMAH,4 ROOM,17,TOH YI DR,04 TO 06,104,Model A,1988,400000
2009-07,BUKIT TIMAH,4 ROOM,12,TOH YI DR,10 TO 12,104,Model A,1989,467000
2009-07,BUKIT TIMAH,5 ROOM,14,TOH YI DR,07 TO 09,122,Improved,1988,488000
2009-07,BUKIT TIMAH,5 ROOM,11,TOH YI DR,01 TO 03,122,Improved,1989,490000
2009-07,BUKIT TIMAH,5 ROOM,5,FARRER RD,07 TO 09,123,Standard,1974,625000
2009-07,BUKIT TIMAH,EXECUTIVE,3,TOH YI DR,01 TO 03,150,Maisonette,1988,575000
2009-07,BUKIT TIMAH,EXECUTIVE,6,TOH YI DR,10 TO 12,150,Maisonette,1989,665000
2009-08,BUKIT TIMAH,3 ROOM,8,EMPRESS RD,01 TO 03,65,Improved,1976,285000
2009-08,BUKIT TIMAH,3 ROOM,4,QUEEN'S RD,04 TO 06,73,Improved,1974,310000
2009-08,BUKIT TIMAH,3 ROOM,4,QUEEN'S RD,07 TO 09,73,Improved,1974,345000
2009-08,BUKIT TIMAH,4 ROOM,9,TOH YI DR,10 TO 12,104,Model A,1989,440000
2009-08,BUKIT TIMAH,5 ROOM,1,QUEEN'S RD,10 TO 12,123,Standard,1974,670000
2009-08,BUKIT TIMAH,EXECUTIVE,15,TOH YI DR,01 TO 03,145,Maisonette,1988,585000
2009-08,BUKIT TIMAH,EXECUTIVE,6,TOH YI DR,04 TO 06,146,Maisonette,1989,628000
2009-08,BUKIT TIMAH,EXECUTIVE,6,TOH YI DR,10 TO 12,146,Maisonette,1989,645000
2009-08,BUKIT TIMAH,EXECUTIVE,10,TOH YI DR,01 TO 03,146,Maisonette,1989,605000
2009-09,BUKIT TIMAH,3 ROOM,8,EMPRESS RD,04 TO 06,65,Improved,1976,313000
2009-09,BUKIT TIMAH,3 ROOM,8,EMPRESS RD,07 TO 09,65,Improved,1976,298000
2009-09,BUKIT TIMAH,3 ROOM,8,EMPRESS RD,10 TO 12,65,Improved,1976,355000
2009-09,BUKIT TIMAH,3 ROOM,4,QUEEN'S RD,10 TO 12,63,Improved,1974,325000
2009-09,BUKIT TIMAH,3 ROOM,4,QUEEN'S RD,10 TO 12,73,Improved,1974,386000
2009-09,BUKIT TIMAH,4 ROOM,13,TOH YI DR,10 TO 12,104,Model A,1988,455000
2009-09,BUKIT TIMAH,4 ROOM,16,TOH YI DR,01 TO 03,104,Model A,1988,405000
2009-09,BUKIT TIMAH,4 ROOM,4,TOH YI DR,01 TO 03,104,Model A,1988,433000
2009-09,BUKIT TIMAH,5 ROOM,1,TOH YI DR,07 TO 09,122,Improved,1988,553000
2009-09,BUKIT TIMAH,5 ROOM,5,TOH YI DR,10 TO 12,122,Improved,1989,570000
2009-09,BUKIT TIMAH,EXECUTIVE,7,TOH YI DR,07 TO 09,146,Apartment,1989,643888
2009-09,BUKIT TIMAH,EXECUTIVE,6,TOH YI DR,07 TO 09,146,Maisonette,1989,650000
2009-10,BUKIT TIMAH,3 ROOM,4,QUEEN'S RD,04 TO 06,73,Improved,1974,372000
2009-10,BUKIT TIMAH,4 ROOM,3,QUEEN'S RD,04 TO 06,91,Improved,1974,395000
2009-10,BUKIT TIMAH,4 ROOM,13,TOH YI DR,04 TO 06,104,Model A,1988,445000
2009-10,BUKIT TIMAH,4 ROOM,14,TOH YI DR,10 TO 12,104,Model A,1988,449000
2009-10,BUKIT TIMAH,4 ROOM,4,TOH YI DR,04 TO 06,104,Model A,1988,450000
2009-10,BUKIT TIMAH,5 ROOM,9,TOH YI DR,01 TO 03,128,Improved,1989,480000
2009-10,BUKIT TIMAH,5 ROOM,11,TOH YI DR,04 TO 06,122,Improved,1989,555000
2009-10,BUKIT TIMAH,EXECUTIVE,2,TOH YI DR,04 TO 06,146,Maisonette,1988,660000
2009-10,BUKIT TIMAH,EXECUTIVE,3,TOH YI DR,01 TO 03,154,Maisonette,1988,665000
2009-10,BUKIT TIMAH,EXECUTIVE,3,TOH YI DR,10 TO 12,146,Maisonette,1988,673000
2009-10,BUKIT TIMAH,EXECUTIVE,6,TOH YI DR,07 TO 09,154,Maisonette,1989,658000
2009-10,BUKIT TIMAH,EXECUTIVE,6,TOH YI DR,10 TO 12,154,Maisonette,1989,580000
2009-11,BUKIT TIMAH,3 ROOM,8,EMPRESS RD,04 TO 06,65,Improved,1976,285000
2009-11,BUKIT TIMAH,3 ROOM,4,QUEEN'S RD,07 TO 09,73,Improved,1974,370000
2009-11,BUKIT TIMAH,5 ROOM,13,TOH YI DR,10 TO 12,122,Improved,1988,520000
2009-11,BUKIT TIMAH,5 ROOM,5,FARRER RD,07 TO 09,123,Standard,1974,640000
2009-11,BUKIT TIMAH,EXECUTIVE,2,TOH YI DR,13 TO 15,150,Maisonette,1988,635000
2009-11,BUKIT TIMAH,EXECUTIVE,6,TOH YI DR,13 TO 15,154,Maisonette,1989,688000
2009-12,BUKIT TIMAH,3 ROOM,6,FARRER RD,04 TO 06,76,Improved,1974,350000
2009-12,BUKIT TIMAH,3 ROOM,4,QUEEN'S RD,04 TO 06,73,Improved,1974,380000
2009-12,BUKIT TIMAH,3 ROOM,4,QUEEN'S RD,10 TO 12,74,Improved,1974,410000
2009-12,BUKIT TIMAH,4 ROOM,3,QUEEN'S RD,04 TO 06,91,Improved,1974,422000
2009-12,BUKIT TIMAH,4 ROOM,16,TOH YI DR,07 TO 09,104,Model A,1988,480000
2009-12,BUKIT TIMAH,4 ROOM,5,TOH YI DR,07 TO 09,104,Model A,1989,411000
2009-12,BUKIT TIMAH,5 ROOM,4,TOH YI DR,04 TO 06,122,Improved,1988,552888
2009-12,BUKIT TIMAH,5 ROOM,11,TOH YI DR,04 TO 06,122,Improved,1989,530000
2009-12,BUKIT TIMAH,EXECUTIVE,15,TOH YI DR,01 TO 03,145,Maisonette,1988,630000
2010-01,BUKIT TIMAH,3 ROOM,8,EMPRESS RD,07 TO 09,65,Improved,1976,343000
2010-01,BUKIT TIMAH,3 ROOM,4,QUEEN'S RD,01 TO 03,73,Improved,1974,334000
2010-01,BUKIT TIMAH,3 ROOM,4,QUEEN'S RD,10 TO 12,73,Improved,1974,380000
2010-01,BUKIT TIMAH,4 ROOM,6,FARRER RD,01 TO 03,91,Improved,1974,445000
2010-01,BUKIT TIMAH,4 ROOM,3,QUEEN'S RD,10 TO 12,91,Improved,1974,440000
2010-01,BUKIT TIMAH,4 ROOM,2,QUEEN'S RD,01 TO 03,89,Improved,1974,413888
2010-01,BUKIT TIMAH,4 ROOM,13,TOH YI DR,13 TO 15,104,Model A,1988,480000
2010-01,BUKIT TIMAH,4 ROOM,14,TOH YI DR,07 TO 09,104,Model A,1988,455000
2010-01,BUKIT TIMAH,5 ROOM,17,TOH YI DR,10 TO 12,122,Improved,1988,560388
2010-01,BUKIT TIMAH,5 ROOM,5,FARRER RD,04 TO 06,120,Standard,1974,600000
2010-01,BUKIT TIMAH,EXECUTIVE,7,TOH YI DR,10 TO 12,146,Maisonette,1989,700000
2010-01,BUKIT TIMAH,EXECUTIVE,8,TOH YI DR,01 TO 03,146,Maisonette,1989,640000
2010-02,BUKIT TIMAH,3 ROOM,8,EMPRESS RD,04 TO 06,65,Improved,1976,280000
2010-02,BUKIT TIMAH,4 ROOM,14,TOH YI DR,10 TO 12,104,Model A,1988,474000
2010-02,BUKIT TIMAH,4 ROOM,5,TOH YI DR,01 TO 03,104,Model A,1989,460000
2010-02,BUKIT TIMAH,5 ROOM,1,TOH YI DR,01 TO 03,128,Improved,1988,506000
2010-02,BUKIT TIMAH,5 ROOM,5,FARRER RD,19 TO 21,120,Standard,1974,710000
2010-02,BUKIT TIMAH,EXECUTIVE,15,TOH YI DR,01 TO 03,145,Maisonette,1988,655800
2010-02,BUKIT TIMAH,EXECUTIVE,2,TOH YI DR,07 TO 09,146,Maisonette,1988,700000
2010-02,BUKIT TIMAH,EXECUTIVE,8,TOH YI DR,01 TO 03,145,Maisonette,1989,675000
2010-03,BUKIT TIMAH,3 ROOM,8,EMPRESS RD,10 TO 12,65,Improved,1976,348000
2010-03,BUKIT TIMAH,3 ROOM,8,EMPRESS RD,04 TO 06,65,Improved,1976,330000
2010-03,BUKIT TIMAH,3 ROOM,4,QUEEN'S RD,04 TO 06,73,Improved,1974,378000
2010-03,BUKIT TIMAH,3 ROOM,4,QUEEN'S RD,07 TO 09,73,Improved,1974,390000
2010-03,BUKIT TIMAH,3 ROOM,4,QUEEN'S RD,10 TO 12,63,Improved,1974,363000
2010-03,BUKIT TIMAH,3 ROOM,18,TOH YI DR,04 TO 06,64,Simplified,1989,293000
2010-03,BUKIT TIMAH,4 ROOM,13,TOH YI DR,04 TO 06,104,Model A,1988,463000
2010-03,BUKIT TIMAH,4 ROOM,16,TOH YI DR,07 TO 09,104,Model A,1988,455000
2010-03,BUKIT TIMAH,5 ROOM,14,TOH YI DR,07 TO 09,122,Improved,1988,585000
2010-03,BUKIT TIMAH,5 ROOM,5,FARRER RD,10 TO 12,125,Standard,1974,690000
2010-03,BUKIT TIMAH,5 ROOM,1,QUEEN'S RD,07 TO 09,125,Standard,1974,625000
2010-03,BUKIT TIMAH,5 ROOM,1,QUEEN'S RD,16 TO 18,123,Standard,1974,730000
2010-03,BUKIT TIMAH,EXECUTIVE,7,TOH YI DR,07 TO 09,146,Apartment,1989,660000
2010-03,BUKIT TIMAH,EXECUTIVE,2,TOH YI DR,01 TO 03,150,Maisonette,1988,643000
2010-03,BUKIT TIMAH,EXECUTIVE,6,TOH YI DR,01 TO 03,146,Maisonette,1989,652000
2010-04,BUKIT TIMAH,3 ROOM,2,QUEEN'S RD,10 TO 12,74,Improved,1974,398000
2010-04,BUKIT TIMAH,4 ROOM,3,QUEEN'S RD,07 TO 09,91,Improved,1974,460000
2010-04,BUKIT TIMAH,4 ROOM,3,QUEEN'S RD,10 TO 12,91,Improved,1974,425000
2010-04,BUKIT TIMAH,4 ROOM,12,TOH YI DR,10 TO 12,104,Model A,1989,488000
2010-04,BUKIT TIMAH,4 ROOM,18,TOH YI DR,01 TO 03,88,Simplified,1989,401000
2010-04,BUKIT TIMAH,5 ROOM,14,TOH YI DR,04 TO 06,122,Improved,1988,560000
2010-04,BUKIT TIMAH,EXECUTIVE,10,TOH YI DR,04 TO 06,146,Maisonette,1989,674000
2010-05,BUKIT TIMAH,3 ROOM,4,QUEEN'S RD,04 TO 06,74,Improved,1974,320000
2010-05,BUKIT TIMAH,4 ROOM,14,TOH YI DR,01 TO 03,104,Model A,1988,480000
2010-05,BUKIT TIMAH,4 ROOM,4,TOH YI DR,10 TO 12,104,Model A,1988,500000
2010-05,BUKIT TIMAH,4 ROOM,18,TOH YI DR,04 TO 06,84,Simplified,1989,390000
2010-05,BUKIT TIMAH,5 ROOM,1,TOH YI DR,01 TO 03,122,Improved,1988,540000
2010-06,BUKIT TIMAH,3 ROOM,8,EMPRESS RD,04 TO 06,65,Improved,1976,300000
2010-06,BUKIT TIMAH,3 ROOM,4,QUEEN'S RD,01 TO 03,73,Improved,1974,360000
2010-06,BUKIT TIMAH,3 ROOM,18,TOH YI DR,01 TO 03,64,Simplified,1989,320000
2010-06,BUKIT TIMAH,4 ROOM,3,QUEEN'S RD,07 TO 09,91,Improved,1974,425000
2010-06,BUKIT TIMAH,4 ROOM,17,TOH YI DR,13 TO 15,104,Model A,1988,525000
2010-06,BUKIT TIMAH,4 ROOM,1,TOH YI DR,04 TO 06,104,Model A,1988,458000
2010-06,BUKIT TIMAH,5 ROOM,5,FARRER RD,13 TO 15,123,Standard,1974,650000
2010-06,BUKIT TIMAH,EXECUTIVE,6,TOH YI DR,04 TO 06,146,Maisonette,1989,608000
2010-07,BUKIT TIMAH,3 ROOM,3,QUEEN'S RD,07 TO 09,76,Improved,1974,480888
2010-07,BUKIT TIMAH,3 ROOM,2,QUEEN'S RD,10 TO 12,74,Improved,1974,415000
2010-07,BUKIT TIMAH,4 ROOM,6,FARRER RD,01 TO 03,91,Improved,1974,502000
2010-07,BUKIT TIMAH,4 ROOM,13,TOH YI DR,10 TO 12,104,Model A,1988,500000
2010-07,BUKIT TIMAH,4 ROOM,17,TOH YI DR,13 TO 15,104,Model A,1988,510000
2010-07,BUKIT TIMAH,4 ROOM,17,TOH YI DR,04 TO 06,104,Model A,1988,380000
2010-07,BUKIT TIMAH,4 ROOM,1,TOH YI DR,01 TO 03,104,Model A,1988,483000
2010-07,BUKIT TIMAH,4 ROOM,1,TOH YI DR,04 TO 06,104,Model A,1988,462000
2010-07,BUKIT TIMAH,4 ROOM,1,TOH YI DR,04 TO 06,104,Model A,1988,517500
2010-07,BUKIT TIMAH,EXECUTIVE,3,TOH YI DR,10 TO 12,146,Maisonette,1988,673000
2010-07,BUKIT TIMAH,EXECUTIVE,7,TOH YI DR,01 TO 03,146,Maisonette,1989,700000
2010-08,BUKIT TIMAH,4 ROOM,3,QUEEN'S RD,04 TO 06,91,Improved,1974,495000
2010-08,BUKIT TIMAH,4 ROOM,1,TOH YI DR,10 TO 12,104,Model A,1988,590000
2010-08,BUKIT TIMAH,5 ROOM,17,TOH YI DR,01 TO 03,127,Improved,1988,608000
2010-08,BUKIT TIMAH,5 ROOM,1,TOH YI DR,10 TO 12,122,Improved,1988,610000
2010-09,BUKIT TIMAH,3 ROOM,18,TOH YI DR,01 TO 03,64,Simplified,1989,325000
2010-09,BUKIT TIMAH,4 ROOM,3,QUEEN'S RD,07 TO 09,91,Improved,1974,468000
2010-09,BUKIT TIMAH,4 ROOM,14,TOH YI DR,13 TO 15,104,Model A,1988,535000
2010-09,BUKIT TIMAH,4 ROOM,12,TOH YI DR,10 TO 12,104,Model A,1989,498000
2010-09,BUKIT TIMAH,5 ROOM,4,TOH YI DR,01 TO 03,122,Improved,1988,570000
2010-09,BUKIT TIMAH,EXECUTIVE,2,TOH YI DR,01 TO 03,146,Maisonette,1988,705000
2010-10,BUKIT TIMAH,3 ROOM,8,EMPRESS RD,04 TO 06,76,Improved,1976,440000
2010-10,BUKIT TIMAH,3 ROOM,4,QUEEN'S RD,10 TO 12,74,Improved,1974,390000
2010-10,BUKIT TIMAH,4 ROOM,6,FARRER RD,01 TO 03,91,Improved,1974,530000
2010-10,BUKIT TIMAH,4 ROOM,14,TOH YI DR,13 TO 15,104,Model A,1988,570000
2010-10,BUKIT TIMAH,4 ROOM,1,TOH YI DR,01 TO 03,104,Model A,1988,480000
2010-10,BUKIT TIMAH,EXECUTIVE,2,TOH YI DR,04 TO 06,150,Maisonette,1988,670000
2010-11,BUKIT TIMAH,4 ROOM,6,FARRER RD,04 TO 06,91,Improved,1974,540000
2010-11,BUKIT TIMAH,4 ROOM,3,QUEEN'S RD,04 TO 06,91,Improved,1974,521000
2010-11,BUKIT TIMAH,4 ROOM,17,TOH YI DR,13 TO 15,104,Model A,1988,540000
2010-11,BUKIT TIMAH,4 ROOM,1,TOH YI DR,13 TO 15,104,Model A,1988,520000
2010-11,BUKIT TIMAH,5 ROOM,17,TOH YI DR,13 TO 15,122,Improved,1988,648000
2010-12,BUKIT TIMAH,4 ROOM,6,FARRER RD,10 TO 12,91,Improved,1974,518000
2010-12,BUKIT TIMAH,4 ROOM,6,FARRER RD,01 TO 03,91,Improved,1974,473000
2010-12,BUKIT TIMAH,5 ROOM,16,TOH YI DR,04 TO 06,122,Improved,1988,610000
2010-12,BUKIT TIMAH,5 ROOM,5,TOH YI DR,13 TO 15,127,Improved,1989,670000
2010-12,BUKIT TIMAH,EXECUTIVE,2,TOH YI DR,13 TO 15,146,Maisonette,1988,730000
2011-01,BUKIT TIMAH,EXECUTIVE,15,TOH YI DR,01 TO 03,146,Maisonette,1988,738000
2011-02,BUKIT TIMAH,3 ROOM,8,EMPRESS RD,10 TO 12,65,Improved,1976,390000
2011-02,BUKIT TIMAH,5 ROOM,1,QUEEN'S RD,16 TO 18,123,Standard,1974,773000
2011-03,BUKIT TIMAH,3 ROOM,8,EMPRESS RD,13 TO 15,65,Improved,1976,378000
2011-03,BUKIT TIMAH,3 ROOM,4,QUEEN'S RD,04 TO 06,73,Improved,1974,415000
2011-03,BUKIT TIMAH,3 ROOM,4,QUEEN'S RD,07 TO 09,73,Improved,1974,410000
2011-03,BUKIT TIMAH,4 ROOM,16,TOH YI DR,01 TO 03,104,Model A,1988,520000
2011-04,BUKIT TIMAH,3 ROOM,8,EMPRESS RD,07 TO 09,65,Improved,1976,385000
2011-04,BUKIT TIMAH,4 ROOM,3,QUEEN'S RD,01 TO 03,91,Improved,1974,455000
2011-04,BUKIT TIMAH,4 ROOM,12,TOH YI DR,04 TO 06,104,Model A,1989,550000
2011-04,BUKIT TIMAH,EXECUTIVE,2,TOH YI DR,07 TO 09,146,Maisonette,1988,710000
2011-05,BUKIT TIMAH,4 ROOM,4,TOH YI DR,04 TO 06,104,Model A,1988,545000
2011-05,BUKIT TIMAH,4 ROOM,9,TOH YI DR,01 TO 03,104,Model A,1989,505888
2011-05,BUKIT TIMAH,4 ROOM,11,TOH YI DR,10 TO 12,104,Model A,1989,560000
2011-05,BUKIT TIMAH,5 ROOM,5,FARRER RD,16 TO 18,125,Standard,1974,720000
2011-05,BUKIT TIMAH,EXECUTIVE,2,TOH YI DR,04 TO 06,146,Maisonette,1988,749000
2011-06,BUKIT TIMAH,3 ROOM,4,QUEEN'S RD,04 TO 06,73,Improved,1974,455000
2011-06,BUKIT TIMAH,4 ROOM,14,TOH YI DR,04 TO 06,104,Model A,1988,535000
2011-06,BUKIT TIMAH,5 ROOM,1,QUEEN'S RD,22 TO 24,120,Standard,1974,830000
2011-07,BUKIT TIMAH,4 ROOM,3,QUEEN'S RD,04 TO 06,91,Improved,1974,565000
2011-07,BUKIT TIMAH,4 ROOM,3,QUEEN'S RD,04 TO 06,91,Improved,1974,545000
2011-07,BUKIT TIMAH,4 ROOM,5,TOH YI DR,04 TO 06,104,Model A,1989,536000
2011-09,BUKIT TIMAH,4 ROOM,9,TOH YI DR,01 TO 03,104,Model A,1989,500000
2011-09,BUKIT TIMAH,EXECUTIVE,6,TOH YI DR,10 TO 12,154,Maisonette,1989,845000
2011-10,BUKIT TIMAH,3 ROOM,8,EMPRESS RD,10 TO 12,65,Improved,1976,418000
2011-10,BUKIT TIMAH,3 ROOM,8,EMPRESS RD,13 TO 15,65,Improved,1976,410000
2011-10,BUKIT TIMAH,4 ROOM,3,QUEEN'S RD,10 TO 12,91,Improved,1974,560000
2011-10,BUKIT TIMAH,5 ROOM,11,TOH YI DR,01 TO 03,122,Improved,1989,695000
2011-11,BUKIT TIMAH,3 ROOM,8,EMPRESS RD,10 TO 12,65,Improved,1976,385000
2011-11,BUKIT TIMAH,5 ROOM,16,TOH YI DR,07 TO 09,122,Improved,1988,715000
2011-11,BUKIT TIMAH,EXECUTIVE,8,TOH YI DR,01 TO 03,146,Maisonette,1989,835000
2011-12,BUKIT TIMAH,5 ROOM,1,QUEEN'S RD,10 TO 12,123,Standard,1974,822000
2012-01,BUKIT TIMAH,3 ROOM,8,EMPRESS RD,04 TO 06,65,Improved,1976,427000
2012-01,BUKIT TIMAH,4 ROOM,4,TOH YI DR,10 TO 12,104,Model A,1988,605000
2012-01,BUKIT TIMAH,5 ROOM,16,TOH YI DR,01 TO 03,122,Improved,1988,658000
2012-02,BUKIT TIMAH,4 ROOM,16,TOH YI DR,07 TO 09,104,Model A,1988,588000
2012-02,BUKIT TIMAH,5 ROOM,9,TOH YI DR,04 TO 06,122,Improved,1989,718000
